Alameda,Alpine,Amador,Butte,Calaveras,Colusa,Contra Costa,Del Norte,El Dorado,Fresno,Glenn,Humboldt,Imperial,Inyo,Kern,Kings,Lake,Lassen,Los Angeles,Madera,Marin,Mariposa,Mendocino,Merced,Modoc,Mono,Monterey,Napa,Nevada,Orange,Out of CA,Placer,Plumas,Riverside,Sacramento,San Benito,San Bernardino,San Diego,San Francisco,San Joaquin,San Luis Obispo,San Mateo,Santa Barbara,Santa Clara,Santa Cruz,Shasta,Sierra,Siskiyou,Solano,Sonoma,Stanislaus,Sutter,Tehama,Trinity,Tulare,Tuolumne,Unassigned,Ventura,Yolo,Yuba
0,0,0,0,0,0,0,0,0,0,0,0,0,0,0,0,0,0,0,0,0,0,0,0,0,0,0,0,0,0,0,0,0,0,0,0,0,0,0,0,0,0,0,0,0,0,0,0,0,0,0,0,0,0,0,0,0,0,0,0
0,0,0,0,0,0,0,0,0,0,0,0,0,0,0,0,0,0,0,0,0,0,0,0,0,0,0,0,0,0,0,0,0,0,0,0,0,0,0,0,0,0,0,0,0,0,0,0,0,0,0,0,0,0,0,0,0,0,0,0
0,0,0,0,0,0,0,0,0,0,0,0,0,0,0,0,0,0,0,0,0,0,0,0,0,0,0,0,0,0,0,0,0,0,0,0,0,0,0,0,0,0,0,0,0,0,0,0,0,0,0,0,0,0,0,0,0,0,0,0
0,0,0,0,0,0,0,0,0,0,0,0,0,0,0,0,0,0,0,0,0,0,0,0,0,0,0,0,0,0,0,0,0,0,0,0,0,0,0,0,0,0,0,0,0,0,0,0,0,0,0,0,0,0,0,0,0,0,0,0
0,0,0,0,0,0,0,0,0,0,0,0,0,0,0,0,0,0,1,0,0,0,0,0,0,0,0,0,0,1,0,0,0,0,0,0,0,0,0,0,0,0,0,0,0,0,0,0,0,0,0,0,0,0,0,0,0,0,0,0
0,0,0,0,0,0,0,0,0,0,0,0,0,0,0,0,0,0,1,0,0,0,0,0,0,0,0,0,0,1,0,0,0,0,0,0,0,0,0,0,0,0,0,0,0,0,0,0,0,0,0,0,0,0,0,0,0,0,0,0
0,0,0,0,0,0,0,0,0,0,0,0,0,0,0,0,0,0,1,0,0,0,0,0,0,0,0,0,0,1,0,0,0,0,0,0,0,0,0,0,0,0,0,0,0,0,0,0,0,0,0,0,0,0,0,0,0,0,0,0
0,0,0,0,0,0,0,0,0,0,0,0,0,0,0,0,0,0,1,0,0,0,0,0,0,0,0,0,0,1,0,0,0,0,0,0,0,0,0,0,0,0,0,0,0,0,0,0,0,0,0,0,0,0,0,0,0,0,0,0
0,0,0,0,0,0,0,0,0,0,0,0,0,0,0,0,0,0,1,0,0,0,0,0,0,0,0,0,0,1,0,0,0,0,0,0,0,0,0,0,0,0,0,0,0,0,0,0,0,0,0,0,0,0,0,0,0,0,0,0
0,0,0,0,0,0,0,0,0,0,0,0,0,0,0,0,0,0,1,0,0,0,0,0,0,0,0,0,0,1,0,0,0,0,0,0,0,0,0,0,0,0,0,1,0,0,0,0,0,0,0,0,0,0,0,0,0,0,0,0
0,0,0,0,0,0,0,0,0,0,0,0,0,0,0,0,0,0,1,0,0,0,0,0,0,0,0,0,0,1,0,0,0,0,0,0,0,0,0,0,0,0,0,1,0,0,0,0,0,0,0,0,0,0,0,0,0,0,0,0
0,0,0,0,0,0,0,0,0,0,0,0,0,0,0,0,0,0,1,0,0,0,0,0,0,0,0,0,0,1,0,0,0,0,0,0,0,0,0,0,0,0,0,1,0,0,0,0,0,0,0,0,0,0,0,0,0,0,0,0
0,0,0,0,0,0,0,0,0,0,0,0,0,0,0,0,0,0,1,0,0,0,0,0,0,0,0,0,0,1,0,0,0,0,0,2,0,0,0,0,0,0,0,2,0,0,0,0,0,0,0,0,0,0,0,0,0,0,0,0
0,0,0,0,0,0,0,0,0,0,0,0,0,0,0,0,0,0,1,0,0,0,0,0,0,0,0,0,0,1,0,0,0,0,0,2,0,0,0,0,0,0,0,2,0,0,0,0,0,0,0,0,0,0,0,0,0,0,0,0
0,0,0,0,0,0,0,0,0,0,0,0,0,0,0,0,0,0,1,0,0,0,0,0,0,0,0,0,0,1,0,0,0,0,0,2,0,0,0,0,0,0,0,2,0,0,0,0,0,0,0,0,0,0,0,0,0,0,0,0
0,0,0,0,0,0,0,0,0,0,0,0,0,0,0,0,0,0,1,0,0,0,0,0,0,0,0,0,0,1,0,0,0,0,0,2,0,0,0,0,0,0,0,2,0,0,0,0,0,0,0,0,0,0,0,0,0,0,0,0
0,0,0,0,0,0,0,0,0,0,0,0,0,0,0,0,0,0,1,0,0,0,0,0,0,0,0,0,0,1,0,0,0,0,0,2,0,0,0,0,0,0,0,2,0,0,0,0,0,0,0,0,0,0,0,0,0,0,0,0
0,0,0,0,0,0,0,0,0,0,0,0,0,0,0,0,0,0,1,0,0,0,0,0,0,0,0,0,0,1,0,0,0,0,0,2,0,0,0,0,0,0,0,2,0,0,0,0,0,0,0,0,0,0,0,0,0,0,0,0
0,0,0,0,0,0,0,0,0,0,0,0,0,0,0,0,0,0,1,0,0,0,0,0,0,0,0,0,0,1,0,0,0,0,0,2,0,0,0,0,0,0,0,2,0,0,0,0,0,0,0,0,0,0,0,0,0,0,0,0
0,0,0,0,0,0,0,0,0,0,0,0,0,0,0,0,0,0,1,0,0,0,0,0,0,0,0,0,0,1,0,0,0,0,0,2,0,0,0,0,0,0,0,2,0,0,0,0,0,0,0,0,0,0,0,0,0,0,0,0
0,0,0,0,0,0,0,0,0,0,0,0,0,0,0,0,0,0,1,0,0,0,0,0,0,0,0,0,0,1,0,0,0,0,0,2,0,1,0,0,0,0,0,2,0,0,0,0,0,0,0,0,0,0,0,0,0,0,0,0
0,0,0,0,0,0,0,0,0,0,0,0,0,0,0,0,0,0,1,0,0,0,0,0,0,0,0,0,0,1,0,0,0,0,0,2,0,1,0,0,0,0,0,2,0,0,0,0,0,0,0,0,0,0,0,0,0,0,0,0
0,0,0,0,0,0,0,0,0,0,0,0,0,0,0,0,0,0,1,0,0,0,0,0,0,0,0,0,0,1,0,0,0,0,0,2,0,2,0,0,0,0,0,2,0,0,0,0,0,0,0,0,0,0,0,0,0,0,0,0
0,0,0,0,0,0,0,0,0,0,0,0,0,0,0,0,0,0,1,0,0,0,0,0,0,0,0,0,0,1,0,0,0,0,0,2,0,2,0,0,0,0,0,2,0,0,0,0,0,0,0,0,0,0,0,0,0,0,0,0
0,0,0,0,0,0,0,0,0,0,0,0,0,0,0,0,0,0,1,0,0,0,0,0,0,0,0,0,0,1,0,0,0,0,0,0,0,2,0,1,0,0,0,1,0,0,0,0,0,0,2,0,0,0,0,0,0,0,0,0
0,0,0,0,0,0,0,0,0,0,0,0,0,0,0,0,0,0,1,0,0,0,0,0,0,0,0,0,0,1,0,0,0,0,0,0,0,2,0,1,0,0,0,1,0,0,0,0,0,0,2,0,0,0,0,0,0,0,0,0
0,0,0,0,0,0,0,0,0,0,0,0,0,0,0,0,0,0,1,0,0,0,0,0,0,0,0,0,1,1,0,0,0,0,0,0,0,2,0,1,0,0,0,1,0,0,0,0,0,0,2,0,0,0,0,0,0,0,0,0
0,0,0,0,0,0,0,0,0,0,0,0,0,0,0,1,0,0,1,0,0,0,0,0,0,0,0,0,1,1,0,0,0,0,0,0,0,2,0,1,0,0,0,1,0,0,0,0,0,0,2,0,0,0,0,0,0,0,0,0
0,0,0,0,0,0,0,0,0,0,0,0,0,0,0,1,0,0,1,0,0,0,0,0,0,0,0,0,1,1,0,0,0,0,0,0,0,2,0,1,0,0,0,1,0,0,0,0,0,0,2,0,0,0,0,0,0,0,0,0
0,0,0,0,0,0,0,0,0,0,0,0,0,0,0,1,0,0,1,0,0,0,0,0,0,0,0,0,1,1,0,0,0,0,0,0,0,2,0,1,0,0,0,1,0,0,0,0,0,0,2,0,0,0,0,0,0,0,0,0
0,0,0,0,0,0,0,0,0,0,0,0,0,0,0,1,0,0,1,0,0,0,0,0,0,0,0,0,1,1,0,0,0,0,0,0,0,2,0,1,0,0,0,1,0,0,0,0,0,0,2,0,0,0,0,0,0,0,0,0
0,0,0,0,0,0,0,0,0,0,0,0,0,0,0,1,0,0,1,0,0,0,0,0,0,0,0,0,1,1,0,0,0,0,0,0,0,2,0,1,0,0,0,1,0,0,0,0,0,0,2,0,0,0,0,0,0,0,0,0
0,0,0,0,0,0,0,0,0,0,0,0,0,0,0,1,0,0,1,0,0,0,0,0,0,0,0,0,1,1,0,0,0,0,0,0,0,2,0,1,0,0,0,1,0,0,0,0,0,0,2,0,0,0,0,0,0,0,0,0
0,0,0,0,0,0,0,0,0,0,0,0,0,0,0,1,0,0,1,0,0,0,0,0,0,0,0,0,1,1,0,0,0,1,0,0,0,2,0,1,0,0,0,1,0,0,0,0,0,0,2,0,0,0,0,0,0,0,0,0
0,0,0,0,0,0,0,0,0,0,0,0,0,0,0,1,0,0,1,0,0,0,0,0,0,0,0,0,1,1,0,0,0,1,0,0,0,2,0,2,0,0,0,1,0,0,0,0,0,0,2,0,0,0,0,0,0,0,0,0
0,0,0,0,0,0,0,0,0,0,0,0,0,0,0,1,0,0,1,0,0,0,0,0,0,0,0,0,1,1,0,0,0,1,0,0,0,2,0,3,0,0,0,1,0,0,0,0,0,0,2,0,0,0,0,0,0,0,0,0
0,0,0,0,0,0,0,0,0,0,0,0,0,0,0,1,0,0,1,0,0,0,0,0,0,0,0,0,1,1,0,0,0,1,0,0,0,2,0,3,0,0,0,1,0,0,0,0,0,0,2,0,0,0,0,0,0,0,0,0
0,0,0,0,0,0,0,0,0,0,0,0,0,0,0,1,0,0,1,0,0,0,0,0,0,0,0,0,1,1,0,0,0,1,0,0,0,2,0,3,0,0,0,1,0,0,0,0,0,0,2,0,0,0,0,0,0,0,0,0
0,0,0,0,0,0,0,0,0,0,0,0,0,0,0,1,0,0,1,0,0,0,0,0,0,0,0,0,1,1,0,0,0,1,0,0,0,2,0,3,0,0,0,1,0,0,0,0,0,0,2,0,0,0,0,0,0,0,0,0
1,0,0,0,0,0,0,0,0,1,0,0,0,0,0,1,0,0,1,0,0,0,0,0,0,0,0,0,1,1,0,0,0,1,0,0,0,2,0,3,0,0,0,4,0,0,0,0,1,0,2,0,0,0,0,0,0,0,0,0
1,0,0,0,0,0,0,0,0,1,0,0,0,0,0,1,0,0,1,0,0,0,0,0,0,0,0,0,1,1,0,1,0,1,0,0,0,2,0,3,0,1,0,5,0,0,0,0,1,1,2,0,0,0,0,0,0,0,0,0
2,0,0,0,0,0,0,0,0,1,0,0,0,0,0,1,0,0,1,0,0,0,0,0,0,0,0,0,1,1,0,2,0,1,0,0,0,2,0,3,0,1,0,9,0,0,0,0,1,1,2,0,0,0,0,0,0,0,0,0
2,0,0,0,0,0,1,0,0,1,0,0,0,0,0,1,0,0,7,0,0,0,0,0,0,0,0,0,1,3,0,2,0,1,0,0,0,2,0,3,0,1,0,10,0,0,0,0,1,2,2,0,0,0,0,0,0,0,0,0
2,0,0,0,0,0,1,0,0,1,0,0,0,0,0,1,0,0,11,0,0,0,0,0,0,0,0,0,1,3,0,2,0,1,1,0,0,3,2,3,0,1,0,12,0,0,0,0,1,2,2,0,0,0,0,0,0,0,0,0
3,0,0,0,0,0,4,0,0,1,0,0,0,0,0,1,0,0,13,0,0,0,0,0,0,0,0,0,1,3,0,5,0,1,1,0,0,3,2,3,0,1,0,18,0,0,0,0,2,2,2,0,0,0,0,0,0,1,1,0
3,0,0,0,0,0,4,0,0,2,0,0,0,0,0,1,0,0,14,1,0,0,0,0,0,0,0,0,1,3,0,6,0,1,3,0,0,3,9,3,0,1,0,29,1,0,0,0,2,2,2,0,0,0,0,0,0,1,2,0
4,0,0,0,0,0,9,0,0,2,0,0,0,0,0,1,0,0,14,1,1,0,0,0,0,0,0,0,1,3,0,7,0,2,4,0,0,3,9,3,0,4,0,34,1,0,0,0,3,2,2,0,0,0,0,0,0,1,2,0
4,0,0,0,0,0,9,0,0,2,0,0,0,0,0,1,0,0,14,1,1,0,0,0,0,0,0,0,1,4,0,7,0,5,7,0,0,3,14,3,0,6,0,40,2,1,0,0,3,2,2,0,0,0,1,0,0,1,2,0
4,0,0,0,2,0,11,0,0,2,0,0,0,0,0,1,0,0,20,1,1,0,0,0,0,0,0,0,1,5,0,7,0,5,7,0,0,3,16,4,0,11,0,43,2,1,0,0,3,2,2,0,0,0,1,0,0,1,2,0
5,0,0,0,2,0,16,0,0,2,0,0,0,0,0,1,0,0,27,1,1,0,0,0,0,0,0,0,1,5,0,6,0,5,8,0,0,3,17,4,0,16,0,46,2,1,0,0,3,2,4,0,0,0,1,0,0,3,1,0
9,0,0,0,2,0,18,0,0,2,0,0,2,0,0,1,0,0,32,1,1,0,0,0,0,0,0,0,1,6,0,6,0,6,16,0,0,5,20,6,0,22,0,49,5,1,0,0,3,2,4,0,0,0,2,0,0,3,1,0
12,0,0,0,2,0,22,0,0,2,0,0,2,0,0,1,0,0,40,1,3,0,0,0,0,0,0,0,1,9,0,6,0,7,17,0,0,8,28,9,0,25,0,57,7,1,0,0,3,2,4,0,0,0,4,0,0,5,1,0
11,0,0,0,2,0,30,0,0,2,0,0,2,0,0,1,0,0,53,2,3,0,0,0,0,0,0,0,1,14,0,6,0,12,30,0,0,10,29,9,0,28,0,60,8,1,0,0,3,2,4,0,0,0,4,0,1,5,2,0
17,0,0,0,2,0,34,0,0,2,0,0,2,0,0,1,0,0,53,2,3,0,0,0,0,0,0,0,1,14,0,7,0,12,29,0,0,16,31,9,1,30,0,77,8,1,0,0,3,4,4,0,0,0,4,0,0,5,2,0
17,0,0,0,2,0,36,0,0,3,0,0,2,0,0,1,0,0,94,2,4,0,0,0,0,0,0,0,2,17,0,7,0,12,33,0,1,55,40,12,1,44,0,113,9,1,0,0,4,4,4,0,0,0,4,0,0,7,2,0
19,0,0,0,2,0,37,0,0,3,0,0,2,0,1,1,0,0,144,2,4,0,0,0,0,0,0,0,2,22,0,7,0,13,35,0,2,55,46,14,1,48,0,119,10,1,0,0,4,4,6,0,0,0,4,0,0,7,2,0
29,0,0,0,2,0,44,0,0,4,0,0,2,0,1,1,0,0,190,2,10,0,0,0,0,0,1,0,3,29,0,8,0,13,45,1,3,60,65,17,5,59,2,149,11,1,0,0,3,6,7,0,0,0,5,0,0,11,4,0
36,0,0,0,2,0,46,0,0,7,0,0,2,0,3,1,0,0,231,3,19,0,1,0,0,0,3,0,3,53,0,8,0,16,51,1,7,80,80,18,6,60,5,181,13,1,0,0,3,8,10,0,0,0,5,0,0,15,5,0
42,0,0,0,2,0,52,0,1,8,0,0,2,0,4,1,0,0,292,4,30,0,1,0,0,0,4,0,3,65,0,9,0,22,55,2,9,127,87,21,11,73,7,244,13,1,0,0,6,7,10,0,0,0,6,0,0,18,5,0
62,0,1,1,2,0,62,0,1,9,0,0,2,0,5,1,0,0,292,4,30,0,1,0,0,1,8,0,3,78,0,11,0,23,65,2,13,127,106,29,16,80,8,267,17,1,0,0,7,15,10,0,0,0,7,0,0,22,6,1
72,0,1,1,2,0,79,0,1,9,0,0,2,0,5,1,0,0,407,4,30,0,1,0,0,1,14,1,3,95,0,18,0,29,81,2,16,155,134,33,19,84,16,282,19,1,0,2,7,18,11,0,0,0,7,0,0,26,6,2
88,0,1,2,2,0,91,0,3,11,0,1,2,0,12,1,0,0,536,4,30,0,1,0,0,1,14,1,3,125,0,19,0,44,86,2,17,201,152,40,23,90,18,334,21,2,0,2,10,19,13,0,0,0,11,0,0,30,8,2
96,0,1,3,2,0,108,0,3,19,0,1,3,0,13,1,0,0,662,6,44,0,1,0,0,1,23,2,5,152,0,22,1,61,92,2,27,226,181,55,32,102,20,387,22,3,0,2,11,27,16,0,0,0,12,0,0,44,8,2
134,0,1,4,2,0,131,0,5,22,0,2,8,0,15,1,0,0,812,6,47,0,1,0,0,4,23,5,6,187,0,30,1,92,113,2,46,238,212,67,35,113,25,450,26,3,0,2,16,31,17,1,0,0,13,0,0,53,9,2
172,0,1,4,2,0,147,0,7,26,0,7,8,0,29,1,0,0,1229,8,56,0,1,1,0,5,25,5,8,256,0,34,0,123,146,6,57,293,261,72,38,124,33,485,30,3,0,2,18,33,18,2,0,0,17,0,0,70,13,3
185,0,1,4,2,0,161,0,9,30,0,8,9,0,33,1,0,0,1465,10,58,0,2,3,0,6,26,5,7,321,0,33,0,126,162,7,77,341,285,76,46,215,37,555,31,3,0,2,25,35,19,2,0,0,17,1,12,80,13,3
410,0,2,8,4,2,350,0,18,64,2,17,18,0,47,3,0,0,1465,22,116,0,4,8,0,12,64,10,23,403,0,70,0,247,405,18,162,413,600,169,104,464,98,1172,62,8,0,4,73,70,37,6,0,0,48,2,0,178,26,6
207,0,1,4,2,1,187,0,9,33,1,8,9,0,51,2,0,0,1829,11,60,0,2,4,0,8,36,5,14,431,0,35,0,127,216,8,94,484,333,89,55,236,52,589,33,4,0,2,25,35,22,6,0,0,26,1,0,92,13,3
250,0,1,5,3,1,212,0,11,48,2,10,9,5,60,2,0,0,2474,14,78,0,2,6,0,11,41,9,15,464,0,44,0,209,237,9,145,515,368,115,62,259,79,743,36,4,0,2,27,57,31,6,0,0,42,1,0,118,17,5
269,0,1,6,3,1,246,0,14,61,2,17,17,8,83,3,0,0,3019,17,85,0,4,6,0,12,43,9,16,502,0,49,0,289,270,12,193,603,404,125,67,299,89,775,40,5,0,3,33,58,31,8,0,0,44,1,0,143,21,5
288,1,1,7,3,1,267,0,14,78,2,18,25,8,126,3,0,3,3518,17,87,0,4,7,0,12,47,11,16,606,0,52,1,318,298,12,245,849,432,135,70,356,104,806,44,5,0,3,34,60,32,9,0,0,48,1,0,154,22,5
346,1,2,8,3,1,297,0,16,96,2,22,24,8,155,3,0,3,4045,25,102,0,4,9,0,16,50,13,18,656,0,72,1,451,321,16,335,966,473,151,80,425,126,909,49,7,0,3,42,76,43,10,1,0,69,1,0,178,29,5
396,1,2,10,3,1,327,1,16,102,2,33,35,10,194,3,0,3,4566,28,106,0,4,9,0,18,58,13,20,711,0,76,2,553,362,20,356,1112,506,165,83,476,155,984,52,10,0,3,49,84,51,12,1,0,78,1,0,186,33,6
469,1,2,12,3,1,382,1,19,106,2,28,42,10,205,3,0,3,4605,27,111,0,4,11,0,18,61,15,20,786,0,87,2,665,392,20,373,1209,537,174,83,522,168,1046,56,11,0,3,56,88,54,14,1,0,84,1,0,194,40,7
476,1,2,12,3,1,415,1,19,106,2,28,42,10,225,4,0,3,5955,27,114,0,4,16,0,18,61,15,20,834,0,86,2,682,392,20,375,1326,559,182,84,530,172,1053,59,11,0,3,55,88,54,14,1,0,86,1,0,196,37,7
528,1,2,13,4,1,447,2,23,126,2,36,47,11,246,3,1,3,6377,29,120,0,4,25,0,18,62,18,20,882,0,90,2,867,447,23,550,1404,586,194,86,571,190,1129,65,16,0,4,72,102,75,14,1,0,131,1,43,234,43,8
561,1,2,13,5,2,471,2,22,142,2,39,53,11,261,5,1,3,6936,28,123,0,4,27,0,18,63,18,21,931,0,94,3,918,512,24,554,1454,636,201,88,575,210,1194,67,16,0,4,76,102,86,16,1,0,149,1,42,247,51,10
595,1,2,13,5,3,481,2,25,155,2,39,59,11,303,5,1,3,7559,29,126,0,4,35,0,19,68,21,22,1016,0,102,3,987,564,29,635,1530,687,214,91,610,222,1259,69,18,0,4,88,107,89,17,1,0,150,0,167,263,56,10
642,1,2,14,5,3,505,2,25,169,2,35,67,11,330,5,1,3,7955,29,127,0,4,41,0,19,70,27,24,1079,0,107,3,1096,600,30,717,1628,748,226,94,632,233,1303,73,22,0,4,95,113,96,17,1,0,152,0,4,273,59,13
707,1,5,15,5,3,537,2,26,190,3,35,70,11,363,7,3,3,8443,30,129,0,4,56,0,20,78,28,24,1138,0,112,3,1175,641,30,779,1693,797,237,98,644,255,1353,75,24,0,5,106,129,104,18,1,0,168,0,4,290,62,13
752,2,6,15,5,3,550,2,29,206,3,37,78,12,369,9,3,3,8453,30,137,0,4,59,0,20,78,29,25,1221,0,113,3,1273,684,31,826,1761,860,247,101,664,259,1443,79,24,0,5,115,131,122,18,1,0,173,0,4,304,67,13
775,2,6,15,5,3,553,2,28,210,3,42,78,12,396,9,3,3,8894,30,139,0,4,58,0,20,85,29,25,1277,0,114,3,1343,688,31,827,1804,886,249,104,666,262,1463,80,24,0,5,113,131,121,18,1,0,171,0,8,306,67,13
822,2,6,15,5,3,569,2,29,210,3,43,82,12,446,9,3,3,9433,30,145,0,4,60,0,21,86,30,25,1283,0,116,3,1473,722,31,920,1847,948,258,109,681,272,1542,82,24,0,5,113,133,134,18,1,0,190,0,0,309,81,13
844,2,6,15,5,3,617,2,30,250,3,43,86,12,516,12,3,3,10047,30,148,0,4,61,0,22,98,33,35,1299,0,117,3,1481,736,32,933,1930,968,283,112,683,294,1563,84,24,0,5,117,133,140,19,1,0,233,0,0,329,81,14
916,2,7,16,9,3,645,2,33,270,3,46,115,12,553,12,4,3,10517,31,163,0,4,74,0,22,106,34,35,1376,0,123,4,1737,838,32,1063,2012,1006,332,115,709,319,1694,92,25,0,5,130,140,178,19,1,0,294,1,0,366,93,15
982,2,7,17,10,3,675,2,34,295,3,46,132,17,565,12,6,3,10854,35,171,0,4,76,0,22,116,44,35,1425,0,129,4,1927,864,34,1143,2087,1039,348,116,747,333,1791,90,25,0,5,139,145,189,21,1,0,310,1,0,385,98,14
1044,2,7,17,11,3,687,2,35,321,3,51,135,17,578,15,6,3,11400,35,190,0,4,80,0,22,119,46,35,1795,0,130,4,2094,881,36,1230,2158,1090,359,119,770,351,1836,94,26,0,5,150,167,205,20,1,0,375,2,0,399,117,14
1087,2,7,17,12,3,721,2,36,325,3,51,137,17,610,17,6,3,12021,35,194,0,4,82,0,22,135,49,35,1835,0,130,4,2271,900,38,1256,2213,1144,395,132,823,374,1864,96,26,0,5,152,168,220,21,1,0,390,2,0,417,118,14
1136,2,7,17,12,3,731,2,36,332,3,52,144,17,623,17,6,3,12341,35,195,0,4,85,0,23,140,49,35,1860,0,131,4,2330,911,38,1263,2268,1153,407,135,847,379,1880,98,26,0,5,151,172,225,21,1,0,396,2,0,419,120,15
1183,1,7,17,12,3,753,2,36,362,3,52,149,17,643,19,6,3,13823,36,201,0,5,88,0,23,147,55,35,1930,0,132,4,2491,923,41,1345,2325,1223,425,135,892,390,1922,102,26,0,5,162,178,232,22,1,0,406,2,0,427,125,15
1236,1,7,17,12,3,766,2,36,378,3,52,165,18,671,28,6,3,15153,38,203,0,5,89,0,23,151,58,37,2000,0,133,4,2645,940,41,1500,2434,1232,450,137,935,416,1945,104,26,0,5,170,182,239,22,1,0,415,2,0,456,143,15
1277,2,7,17,12,3,772,2,39,394,3,52,170,18,683,28,6,3,16447,38,203,0,5,92,0,23,154,58,37,2125,0,133,4,2836,958,41,1565,2491,1255,465,145,947,439,1971,106,26,0,5,172,185,251,22,1,0,430,2,0,466,147,15
1338,2,8,17,12,3,786,2,39,432,3,52,181,19,699,28,6,3,17537,38,210,0,5,98,0,23,161,59,37,2205,0,136,4,2949,977,41,1605,2643,1312,482,149,972,447,1998,110,27,0,5,173,187,258,24,1,0,445,2,0,480,151,15
1387,2,8,17,12,3,806,2,41,455,4,52,232,20,735,30,6,3,18545,40,212,0,5,102,0,23,167,59,37,2293,0,137,4,3059,1008,43,1668,2826,1345,487,154,1006,452,2028,111,28,0,5,180,199,277,24,1,0,464,2,0,490,155,15
1398,2,8,18,12,3,821,2,41,465,4,52,232,20,755,33,6,3,19133,40,216,0,5,103,0,23,173,60,38,2350,0,137,4,3052,1014,43,1676,2943,1341,500,162,1056,459,2047,112,29,0,5,180,199,280,24,1,0,483,2,0,495,157,15
1451,2,8,18,13,3,830,3,41,483,4,52,272,20,809,33,6,3,19567,40,226,0,5,104,0,23,182,62,38,2395,0,141,4,3316,1026,43,1682,3043,1403,517,168,1072,466,2100,116,29,0,5,182,216,298,26,1,0,502,3,0,510,158,15
1496,2,8,18,13,3,843,3,43,512,4,51,290,20,828,48,6,3,20423,43,228,0,10,108,0,23,185,64,40,2523,0,142,4,3396,1034,43,1743,3141,1453,525,169,1094,468,2108,123,29,0,5,199,220,320,26,1,0,540,3,0,514,160,15
1527,2,8,18,13,3,866,3,43,534,4,52,295,20,847,57,6,3,20996,45,229,1,10,108,0,25,191,67,42,2689,0,143,4,3519,1043,44,1892,3314,1471,535,175,1131,471,2135,123,29,0,5,223,226,334,25,1,0,584,4,0,518,160,15
1566,2,8,18,13,3,885,3,44,554,4,52,300,20,866,80,6,3,22485,46,235,1,11,116,0,25,204,68,42,2815,0,145,4,3715,1054,46,1976,3432,1489,543,184,1172,479,2152,124,31,0,5,229,230,378,28,1,0,620,4,0,531,161,15
1601,2,8,18,13,3,900,3,44,572,4,53,322,20,893,87,6,3,23220,47,241,3,11,122,0,25,213,69,42,2940,0,148,4,3835,1070,46,2022,3564,1518,551,185,1196,492,2177,126,31,0,5,239,233,382,28,1,0,643,3,0,548,164,15
1632,2,8,19,13,3,915,3,47,630,4,53,337,20,939,112,6,3,24262,47,243,13,11,131,0,25,222,69,42,3047,0,149,4,3909,1080,47,2086,3711,1552,557,189,1224,501,2181,127,31,0,5,243,242,388,28,1,0,691,3,0,557,165,16
1680,2,8,19,13,3,929,3,47,642,5,53,345,20,969,120,7,3,24894,47,244,13,10,131,0,25,225,71,42,3102,0,150,4,4013,1096,47,2126,3842,1632,562,196,1274,509,2208,131,31,0,5,244,250,392,28,1,0,717,3,0,565,169,16
1733,2,8,19,13,3,945,3,49,660,5,53,351,20,1005,137,7,3,25699,47,244,13,10,134,0,25,235,72,42,3163,0,161,4,4050,1108,47,2125,3927,1692,573,203,1279,515,2240,133,31,0,5,243,254,415,28,1,0,742,3,0,584,171,16
1764,2,8,18,13,3,949,3,51,697,4,53,351,20,1016,153,7,3,26225,53,245,14,10,138,0,25,237,72,42,3337,0,162,4,4237,1118,47,2186,4020,1760,577,205,1315,527,2243,133,31,0,5,270,256,426,28,1,0,766,3,0,591,171,16
1822,2,8,22,13,3,976,3,54,744,3,53,389,20,1045,187,7,4,27836,54,245,14,10,141,0,25,240,74,42,3451,0,162,4,4325,1124,48,2347,4160,1779,580,206,1337,544,2254,134,31,0,5,276,263,434,29,1,0,875,2,0,608,171,15
1867,2,8,22,13,3,990,3,53,793,3,53,399,20,1073,208,7,4,28665,56,245,15,10,140,0,26,246,78,42,3633,0,164,4,4551,1134,48,2428,4319,1804,584,210,1350,568,2276,135,31,0,5,277,269,438,29,1,0,969,2,0,620,172,15
1917,2,8,22,13,3,1005,3,54,834,5,53,442,20,1133,219,7,4,29511,55,253,15,10,146,0,26,249,78,42,3798,0,165,4,4624,1138,48,2525,4429,1852,586,212,1400,724,2288,136,31,0,5,284,282,470,29,1,0,1007,2,0,648,172,16
1958,2,8,22,13,3,1024,3,54,861,6,53,467,20,1166,236,7,4,30319,58,258,15,10,151,0,27,265,78,42,3992,0,166,4,4688,1144,49,2634,4662,1890,598,213,1425,1059,2292,137,31,0,5,291,285,491,30,1,0,1056,2,0,667,172,16
2014,2,8,22,13,3,1039,3,54,886,6,54,474,20,1228,264,7,4,31241,62,262,15,10,153,0,27,273,78,42,4085,0,168,4,4888,1149,50,2828,4776,1944,608,216,1455,1252,2324,138,31,0,5,298,288,495,31,1,1,1090,2,0,681,172,17
2050,2,8,22,13,3,1046,3,55,920,6,55,509,20,1254,266,7,4,31703,66,268,15,10,154,0,27,283,79,42,4128,0,168,4,4968,1151,50,2913,4926,1953,614,221,1465,1330,2338,139,31,0,5,299,290,502,31,1,1,1150,2,0,692,173,17
2106,2,8,23,13,3,1053,3,55,963,6,55,562,20,1286,289,7,4,32263,69,272,15,10,158,0,30,287,79,42,4267,0,170,4,5099,1159,50,2948,5065,1974,623,227,1501,1379,2347,140,31,0,5,331,303,511,32,1,1,1210,2,0,702,174,18
2149,2,8,24,13,3,1068,3,56,1005,6,57,602,20,1316,303,7,4,33211,70,275,15,10,175,0,31,299,80,42,4392,0,170,4,5152,1165,53,3000,5161,1981,628,229,1535,1385,2369,141,33,0,5,338,308,519,33,1,1,1268,2,0,723,176,19
2184,2,8,25,13,3,1083,4,58,1022,6,57,610,20,1343,315,7,4,34538,70,279,15,10,176,0,31,310,81,42,4545,0,170,4,5222,1172,53,3067,5278,2004,642,234,1552,1390,2377,142,32,0,5,345,330,525,33,1,2,1290,2,0,747,178,19
2258,2,8,26,13,3,1091,4,59,1067,8,58,652,20,1393,343,7,4,35392,70,284,15,10,182,0,31,318,83,42,4677,0,172,4,5357,1180,54,3153,5391,2029,646,239,1590,1403,2387,145,33,0,5,349,333,537,34,1,1,1324,2,0,765,180,21
2292,2,8,26,13,3,1107,4,64,1159,9,59,680,20,1428,348,7,4,36316,72,296,15,10,191,0,31,322,83,42,4852,0,174,4,5514,1202,55,3229,5523,2062,659,240,1614,1417,2402,146,33,0,5,365,349,544,35,1,1,1363,2,0,794,182,21
2330,2,8,26,13,3,1137,4,65,1210,9,68,716,20,1473,357,7,4,37360,71,298,15,10,201,0,32,330,86,42,4968,0,174,4,5651,1208,56,3366,5662,2094,671,243,1654,1431,2428,154,33,0,6,369,356,550,35,2,1,1433,2,0,819,181,21
2392,2,8,27,13,3,1156,7,65,1246,9,69,719,20,1515,357,7,5,38011,70,316,15,10,214,0,32,343,89,42,5019,0,175,4,5794,1223,57,3471,5836,2132,691,245,1682,1466,2461,155,34,0,6,369,376,570,38,2,1,1437,2,0,844,182,21
2445,2,8,28,13,3,1174,8,67,1280,11,69,771,20,1537,382,9,5,38458,75,330,15,12,217,0,33,346,92,42,5220,0,176,5,5891,1232,57,3562,5946,2183,700,246,1703,1510,2476,160,34,0,6,375,387,576,38,2,1,1499,2,0,856,183,23
2496,2,9,29,13,3,1206,8,67,1325,12,71,1016,20,1571,394,11,5,39573,81,341,15,12,222,0,33,351,93,42,5371,0,177,5,5982,1239,57,3660,6026,2186,708,248,1706,1530,2488,161,34,0,6,392,389,586,38,2,1,1559,2,0,868,183,23
2559,2,9,34,13,3,1224,9,68,1367,12,72,1051,20,1605,404,9,5,40895,83,349,15,12,225,0,33,357,93,42,5563,0,176,4,6110,1244,59,3775,6140,2199,716,252,1741,1533,2516,163,34,0,6,395,411,588,38,2,2,1593,2,0,887,184,23
2611,2,9,35,13,4,1244,9,68,1401,12,78,1100,20,1644,418,10,6,42037,83,360,15,12,226,0,33,364,96,42,5723,0,176,4,6265,1258,59,3954,6315,2248,733,254,1793,1550,2529,164,34,0,6,401,427,607,38,2,3,1614,2,0,915,185,24
2727,2,9,38,13,4,1273,9,75,1439,12,79,1218,20,1695,429,10,6,43070,83,373,15,13,233,0,34,373,97,42,5889,0,181,4,6371,1262,62,4111,6434,2251,750,258,1849,1563,2546,171,34,0,6,408,444,621,38,2,3,1672,2,0,945,187,24
2788,2,9,38,13,4,1303,10,75,1488,12,79,1287,20,1757,445,10,8,44121,84,394,15,13,247,0,34,398,101,42,5989,0,184,4,6480,1275,65,4176,6559,2312,762,260,1864,1575,2602,177,35,1,6,412,462,630,38,3,3,1692,2,0,969,188,24
2835,2,9,39,13,4,1326,16,77,1496,12,80,1373,20,1824,447,12,8,45017,84,403,15,19,258,0,34,406,104,42,6068,0,184,4,6591,1283,65,4266,6701,2318,763,261,1927,1582,2633,185,36,1,6,413,485,639,38,3,3,1694,2,0,990,192,24
2905,2,10,41,13,4,1349,20,79,1538,12,80,1373,20,1871,448,13,9,46023,84,417,15,19,262,1,34,419,107,42,6138,0,186,4,6920,1290,68,4397,6797,2358,763,264,1940,1599,2657,191,36,1,6,415,496,656,38,3,3,1757,2,0,1028,197,24
2961,2,10,41,13,4,1353,30,80,1540,12,80,1373,20,1876,450,12,9,47845,84,426,16,20,266,1,34,425,109,42,6387,0,188,4,6937,1299,67,4435,6882,2363,763,264,1969,1599,2669,197,36,1,6,448,509,668,39,3,3,1778,2,0,1041,198,24
3042,2,10,45,15,5,1374,34,83,1664,14,85,1373,20,1941,588,13,10,48761,92,441,16,21,278,0,34,444,112,42,6603,0,196,4,7176,1319,72,4713,6983,2394,828,270,2047,1639,2690,202,36,1,6,455,522,680,40,4,3,1827,4,0,1075,204,24
3088,2,10,46,15,5,1393,37,83,1697,14,96,1434,20,2007,628,17,10,49860,94,445,16,24,283,0,34,472,113,42,6824,0,197,4,7260,1340,80,4836,7100,2417,843,271,2072,1652,2708,201,36,1,6,467,530,689,40,5,3,1842,4,0,1093,206,24
3214,2,10,47,15,5,1412,37,86,1732,14,97,1611,20,2076,695,17,10,51678,99,450,16,25,285,0,34,480,113,42,6992,0,200,4,7397,1361,82,4988,7240,2453,858,274,2105,1667,2717,203,36,1,7,476,538,703,40,5,3,1862,4,0,1103,211,25
3309,2,10,50,15,5,1430,37,87,1789,16,97,2095,20,2145,705,18,10,53746,102,464,16,24,285,0,34,521,113,42,7123,0,200,4,7513,1385,83,5127,7385,2496,891,274,2131,1671,2751,206,36,1,7,490,552,717,40,5,3,1889,4,0,1126,210,25
3367,2,10,57,15,5,1459,37,89,1826,16,97,2201,20,2250,705,19,10,55001,102,488,16,24,288,0,34,546,114,42,7229,0,217,4,7725,1399,83,5190,7481,2501,891,275,2171,1673,2795,210,38,1,7,490,556,743,42,5,3,1894,4,0,1161,211,26
3465,2,10,56,15,7,1487,38,89,1905,16,97,2370,20,2322,705,22,10,56011,104,497,16,28,289,0,35,555,114,42,7423,0,220,4,7942,1416,84,5315,7554,2546,960,279,2192,1683,2807,215,38,1,7,507,566,763,43,6,3,1986,4,0,1173,212,26
3522,2,10,58,15,7,1506,39,89,1970,16,100,2463,20,2376,722,25,10,57219,111,511,16,29,297,0,35,583,116,42,7634,0,228,4,8113,1429,84,5443,7674,2554,988,279,2205,1716,2830,215,38,1,8,515,572,777,43,7,3,2022,4,0,1188,213,27
3594,2,10,61,15,7,1512,39,91,1996,16,102,2544,20,2418,746,26,11,58261,118,529,16,29,299,0,35,593,116,44,7862,0,245,4,8231,1458,86,5570,7798,2608,1007,283,2245,1735,2847,217,40,1,8,522,579,785,45,7,3,2051,4,0,1212,213,27
3649,2,10,65,15,7,1552,45,102,2060,16,108,2635,20,2462,844,27,11,59692,128,535,16,29,304,0,35,622,117,50,8081,0,258,4,8496,1493,86,5731,7940,2636,1019,292,2286,1764,2882,218,40,1,8,532,592,811,46,7,3,2096,4,0,1246,216,27
3740,2,10,70,16,7,1576,45,102,2105,16,110,2782,21,2534,867,28,13,61068,145,548,16,32,309,0,35,651,123,51,8291,0,267,4,8723,1515,90,5874,8180,2675,1049,297,2333,1810,2913,222,40,1,8,539,620,847,49,9,3,2190,4,0,1285,216,27
3807,2,10,72,16,7,1620,45,105,2172,16,111,3051,21,2650,884,28,14,62382,150,558,16,32,315,0,35,681,136,51,8438,0,272,4,8958,1534,90,5952,8345,2674,1079,299,2344,1830,2945,226,40,1,8,541,624,863,51,10,4,2223,4,0,1314,223,27
3872,2,10,73,16,7,1654,45,105,2199,16,111,3052,21,2720,884,28,14,63844,150,586,16,32,318,0,35,734,142,51,8558,0,275,4,9128,1569,90,6039,8476,2674,1129,300,2401,1833,2958,230,41,1,8,541,641,910,55,10,5,2229,4,0,1348,224,27
3943,2,10,79,16,7,1716,45,108,2249,17,111,3055,22,2794,894,28,15,64690,155,598,16,32,331,0,35,753,151,51,8825,0,293,4,9269,1592,91,6128,8619,2716,1201,304,2433,1839,2982,234,43,1,8,541,656,962,55,10,5,2311,8,0,1393,228,27
3969,2,10,81,16,7,1746,45,110,2334,19,112,3071,22,2870,936,28,15,65945,173,618,16,35,349,0,35,774,156,51,9067,0,304,4,9534,1626,93,6274,8729,2750,1243,305,2466,1871,3017,237,44,1,10,577,663,999,56,11,5,2403,8,0,1418,226,27
4033,2,10,83,16,7,1780,45,111,2380,21,111,3458,23,2942,954,28,15,67111,177,635,16,35,370,0,35,793,159,51,9335,0,312,4,9880,1644,92,6445,8837,2775,1285,311,2495,1895,3044,242,45,1,14,589,675,1036,56,12,5,2465,7,0,1457,226,27
4079,2,10,84,16,7,1799,45,111,2394,21,112,3467,23,3016,966,28,15,68959,180,639,16,35,370,0,35,815,162,51,9634,0,324,4,10037,1671,92,6516,8998,2767,1354,312,2502,1912,3061,247,47,1,14,597,684,1068,56,12,5,2483,7,0,1503,230,27
4174,2,10,83,18,7,1829,45,112,2484,21,104,3547,23,3130,990,29,15,70529,189,651,16,33,372,0,35,866,162,53,9910,0,336,4,10639,1704,94,6714,9131,2824,1409,326,2536,1986,3111,251,48,1,13,601,698,1098,56,15,5,2562,7,0,1547,243,27
4203,2,10,85,18,7,1870,45,112,2555,21,103,3650,23,3195,1026,29,15,72057,205,679,16,33,376,0,35,903,171,53,10136,0,349,4,10954,1715,97,6892,9315,2835,1464,331,2554,2016,3153,254,48,1,13,618,713,1128,62,19,5,2636,7,0,1580,251,28
4278,2,10,91,18,7,1895,45,112,2641,21,104,3734,23,3281,1025,31,15,73018,205,691,16,33,403,0,34,952,181,53,10285,0,372,4,11241,1752,102,7022,9441,2835,1606,335,2574,2066,3190,254,48,1,13,619,726,1165,63,19,5,2656,7,0,1623,254,28
4330,2,10,91,18,7,1920,45,116,2673,21,104,3730,23,3367,1026,31,15,73832,205,711,17,33,414,0,34,1001,187,53,10653,0,389,4,11399,1793,106,7196,9611,2834,1670,337,2594,2071,3216,254,50,1,14,619,728,1259,71,19,5,2672,7,0,1670,255,28
4435,2,10,93,19,7,1973,45,117,2789,30,104,3943,24,3452,1048,31,15,75162,241,728,17,35,436,0,34,1022,196,54,11187,0,395,5,11662,1827,108,7470,9731,2894,1721,348,2621,2107,3240,257,51,1,15,675,741,1284,73,26,5,2812,7,0,1690,262,29
4492,2,10,95,20,7,2023,45,118,2861,31,104,4112,25,3512,1101,32,18,77260,260,774,18,42,460,0,34,1080,202,58,11769,0,430,5,11883,1891,114,7677,9856,2907,1828,367,2652,2164,3277,265,51,1,16,703,750,1393,79,26,5,2892,7,0,1743,277,30
4596,2,12,102,20,7,2075,46,123,3008,35,105,4370,25,3590,1145,36,22,78348,290,823,18,45,486,0,34,1130,205,69,12420,0,460,5,12434,1940,132,8148,10094,2952,1911,383,2677,2220,3352,275,51,1,18,716,791,1501,85,33,5,3015,8,0,1795,294,32
4653,2,12,105,20,7,2109,46,126,3171,40,105,4508,26,3706,1289,36,23,79655,302,833,18,48,529,0,34,1162,209,72,13142,0,467,5,12734,1978,134,8461,10352,2969,1972,397,2716,2303,3390,283,58,1,21,736,805,1555,89,37,5,3063,8,0,1879,303,33
4765,2,12,108,20,7,2234,46,132,3285,40,107,4620,26,3793,1335,37,24,81709,323,883,18,48,566,0,34,1184,212,74,13621,0,486,6,13045,2071,137,8726,10486,3000,2049,410,2758,2379,3449,287,66,1,22,765,808,1604,89,37,5,3182,8,0,1960,309,34
4842,2,12,111,20,7,2285,46,134,3362,40,107,4705,26,3890,1338,36,25,83414,321,911,18,48,577,0,34,1230,218,80,13902,0,501,6,13552,2158,149,8933,10796,3001,2191,423,2784,2452,3528,290,75,1,23,764,838,1694,96,37,5,3183,8,0,2035,323,35
4951,2,12,118,20,7,2366,46,139,3492,40,109,4704,26,3965,1517,37,118,86017,335,1033,18,48,619,0,34,1296,222,80,14778,0,515,6,13973,2246,162,9142,11098,3001,2335,427,2816,2470,3594,290,77,1,23,765,862,1790,100,40,5,3195,8,0,2079,333,36
5166,2,13,125,26,7,2456,46,144,3636,47,109,5029,26,4049,1731,40,228,88512,371,1143,21,61,656,0,35,1349,230,82,15801,0,528,6,14494,2378,165,9780,11296,3178,2505,450,2911,2521,3714,313,81,1,24,923,916,1856,112,52,5,3466,9,0,2223,350,35
5249,2,16,133,26,11,2523,47,151,3834,54,116,5142,28,4108,2067,40,232,89633,375,1265,21,60,696,0,35,1410,258,93,16855,0,551,6,14971,2450,169,10220,11628,3217,2683,466,2968,2592,3826,329,83,1,24,962,937,2045,118,57,5,3551,10,0,2329,379,37
5405,2,18,142,26,14,2594,47,152,4007,59,120,5196,27,4182,2114,42,233,91577,382,1325,22,61,747,0,35,1429,260,93,17879,0,577,6,15249,2524,172,10599,11963,3253,2806,479,3000,2647,3885,335,84,1,24,1018,957,2136,126,61,6,3666,11,0,2361,400,38
5509,2,20,150,30,17,2679,47,161,4236,71,125,5404,29,4300,2180,42,239,93391,411,1410,23,63,797,0,35,1452,277,102,18868,0,587,6,15883,2692,174,11120,12402,3331,2946,504,3060,2810,3982,344,86,1,24,1052,982,2163,138,65,6,3730,12,0,2460,421,38
5589,2,20,152,30,17,2720,47,161,4308,77,126,5517,29,4340,2192,42,240,95385,429,1427,23,63,807,0,35,1458,282,104,19490,0,587,6,16234,2690,180,11247,12836,3333,2998,511,3088,2827,4020,347,87,1,25,1060,1009,2170,141,65,6,3820,15,0,2487,435,39
5706,2,20,166,30,17,2807,47,164,4435,77,126,5517,29,4478,2239,53,240,97918,427,1477,23,63,815,0,35,1563,307,105,19942,0,621,6,16873,2808,188,11353,13333,3389,3204,537,3129,2900,4145,349,89,1,25,1061,1089,2382,145,65,6,3822,16,0,2666,471,39
5774,2,20,174,30,17,2981,47,165,4601,77,127,5516,29,4548,2285,53,240,100958,425,1521,25,63,849,0,35,1617,317,110,20996,0,631,6,17709,2990,191,11653,13834,3390,3205,551,3176,2961,4245,348,95,1,25,1061,1108,2406,152,65,6,3916,18,0,2810,486,55
5967,2,21,180,31,33,3146,48,179,4897,96,131,5972,31,4655,2320,56,248,103850,478,1618,26,65,971,0,36,1660,342,117,22059,0,670,8,18682,3251,198,12385,14150,3556,3747,590,3274,3131,4360,379,101,1,26,1240,1127,2585,168,77,6,4218,18,0,3046,518,55
6135,2,22,203,37,53,3265,50,187,5187,110,133,6154,31,4768,2368,75,255,105665,522,1640,27,70,1053,0,37,1706,347,119,23049,0,716,8,19564,3430,217,12723,14624,3627,3993,620,3332,3297,4561,398,105,1,28,1334,1183,2626,188,82,6,4370,19,0,3240,529,57
6396,2,23,217,42,60,3353,50,197,5481,114,138,6240,30,4939,2427,81,256,107792,551,1710,27,71,1123,0,37,1800,352,122,24009,0,743,8,20281,3592,234,13199,15208,3677,4246,666,3396,3415,4737,414,111,1,30,1413,1249,2857,195,88,7,4570,25,0,3412,557,93
6496,2,25,230,44,70,3453,50,205,5862,122,143,6349,33,5100,2500,83,258,107806,568,1780,27,72,1189,0,37,1808,388,130,24788,0,748,11,21199,3716,241,14054,15698,3782,4419,683,3445,3438,4835,436,114,1,30,1480,1287,3028,205,91,7,4668,30,0,3554,589,96
6747,2,31,242,45,76,3589,50,215,6080,128,144,6445,33,5130,2517,86,258,107826,571,1966,27,72,1253,0,37,1882,426,130,25155,0,799,11,21536,4044,253,14650,16166,3862,4811,706,3538,3553,5060,466,136,1,30,1533,1375,3579,225,94,7,4814,33,0,3705,618,102
6871,2,31,266,45,79,3671,57,231,6269,129,147,6445,33,5245,2554,92,258,115024,567,2084,27,72,1341,0,39,1998,450,146,25589,0,858,11,21539,4270,256,15042,16728,3862,5019,737,3581,3706,5253,467,139,1,30,1532,1374,3784,241,97,7,4993,33,0,3884,647,115
6980,2,33,275,45,80,3908,57,236,6448,129,148,6447,33,5369,2592,93,264,116570,737,2140,31,72,1397,0,40,2082,454,151,26638,0,907,11,22513,4426,262,15362,17002,3862,5108,758,3656,3801,5385,468,144,1,30,1653,1374,3991,250,97,7,5053,34,0,3930,688,124
7107,2,33,290,58,84,4139,57,249,6828,145,150,6682,33,5543,2636,94,266,120764,797,2631,31,82,1532,0,42,2170,459,155,27739,0,933,12,23308,4598,272,16023,17580,4046,5551,802,3698,3905,5454,505,145,1,30,1761,1478,4109,273,97,7,5205,44,0,4010,709,138
7346,2,35,302,58,90,4277,57,253,7192,146,162,6731,36,5759,2643,97,337,123256,831,2760,31,84,1579,0,45,2186,468,161,28805,0,951,12,24071,4805,280,16531,17844,4095,5763,832,3740,4025,5526,513,149,1,31,1807,1500,4352,298,102,7,5324,46,0,4159,730,145
7444,2,36,316,59,97,4399,57,260,7483,150,166,6782,36,5979,2703,99,433,124992,853,2979,31,88,1729,0,46,2228,468,161,29786,0,985,12,25010,4956,293,17364,18404,4145,6008,876,3799,4108,5654,531,156,1,31,1878,1589,4641,321,104,7,5523,51,0,4298,767,152
7562,2,37,340,61,103,4493,57,272,7861,157,168,6882,36,6195,2724,104,489,127439,917,3106,31,88,1803,0,46,2290,496,166,30772,0,1005,12,25512,5187,300,18273,18862,4307,6229,898,3851,4217,5835,545,159,1,31,1936,1611,4790,338,109,7,5700,53,0,4436,797,164
7856,2,37,347,62,110,4661,59,289,8190,161,174,6889,36,6339,2770,110,490,130394,991,3196,31,88,1852,0,46,2381,509,168,31340,0,1032,12,26025,5373,312,18941,19371,4432,6522,937,3963,4324,5975,576,169,1,36,2020,1696,4920,352,113,7,5803,54,0,4565,836,175
8067,2,40,363,62,116,4719,59,296,8514,166,174,7004,36,6502,2796,114,491,133549,1028,3363,31,88,1909,0,46,2526,519,172,31717,0,1061,14,26435,5521,322,19078,19929,4538,6707,979,3995,4395,6268,578,174,1,36,2023,1749,5186,362,113,7,5887,56,0,4745,892,188
8126,2,42,377,63,116,4895,59,304,8778,168,174,7057,36,6601,2841,118,498,136357,1062,3407,32,87,2008,0,48,2618,534,178,32624,0,1099,14,27168,5755,341,19650,20348,4537,6931,996,4064,4484,6505,580,186,1,37,2032,1824,5333,379,114,7,5954,60,0,4822,944,194
8399,2,44,405,74,128,5125,60,330,9058,177,175,7100,36,6759,2884,120,503,140576,1121,3456,34,110,2085,0,50,2731,557,186,33519,0,1125,14,27884,5986,358,20536,20887,4663,7147,1067,4180,4685,6704,645,191,1,38,2252,1872,5641,405,125,7,6225,72,0,4975,969,210
8632,2,44,443,75,135,5263,60,345,9246,184,181,7115,37,6921,2924,122,520,143207,1150,3463,34,119,2157,0,54,2787,573,192,34439,0,1148,16,28527,6225,386,21565,21448,4762,7385,1104,4265,4779,6921,666,194,1,38,2330,1926,5788,433,128,7,6346,72,0,5112,1005,221
8741,2,46,488,82,140,5355,60,363,9609,190,184,7153,39,7074,2955,128,524,147678,1195,3551,35,121,2229,0,55,2864,581,200,35296,0,1171,16,28941,6448,387,22428,21857,4843,7718,1153,4343,4918,7011,705,209,1,39,2359,1960,6088,444,128,7,6493,75,0,5256,1037,221
8920,2,48,521,86,146,5506,60,374,10091,203,185,7198,39,7233,2996,139,525,150424,1217,3844,35,126,2329,0,56,2930,598,209,36125,0,1210,16,29678,6572,397,23148,22491,4972,7930,1197,4414,5048,7103,723,214,1,40,2439,1988,6232,458,130,8,6698,77,0,5476,1058,231
9117,2,49,575,89,182,5640,61,391,10518,212,189,7273,39,7728,3014,142,544,153152,1263,4094,35,137,2425,0,56,3028,609,213,36573,0,1236,17,30284,6748,405,23774,23116,5056,8123,1241,4495,5158,7278,758,217,1,42,2490,2025,6356,473,138,8,6837,79,0,5655,1080,237
9256,2,51,580,89,187,5714,61,391,10778,215,195,7285,39,8447,3054,144,545,155917,1304,4177,37,137,2461,0,65,3087,612,220,36909,0,1249,17,30380,6994,410,24029,23684,5099,8313,1269,4529,5195,7427,760,219,1,42,2538,2080,6520,480,140,8,6884,79,0,5731,1130,240
9279,2,53,615,90,217,5848,61,413,11042,225,194,7342,39,9234,3112,147,564,159045,1436,4260,38,153,2585,0,80,3213,632,228,37487,0,1367,17,31203,7378,431,24339,24137,5095,8588,1289,4616,5319,7735,765,234,1,42,2524,2154,6847,507,148,8,7002,79,0,5937,1158,258
9426,2,55,688,96,227,6235,66,446,11564,229,198,7463,39,10068,3206,157,566,162025,1511,4323,41,160,2726,0,81,3412,660,238,38121,0,1416,19,32271,7798,442,25440,24522,5382,9155,1345,4740,5477,8014,842,242,1,48,2714,2206,6996,533,152,8,7475,79,0,6156,1207,269
9714,2,58,724,98,236,6426,66,472,11914,236,201,7538,39,11188,3291,160,568,165134,1582,4378,41,166,2829,0,84,3542,687,251,38698,0,1472,20,33133,8038,463,26944,25109,5478,9633,1380,4803,5564,8291,873,247,1,52,2826,2261,7413,551,157,9,7668,95,0,6248,1236,288
9961,2,61,756,102,242,6644,66,497,12328,246,208,7609,39,12323,3391,160,571,166868,1663,4428,44,178,2973,0,84,3664,713,260,39213,0,1522,21,33873,8232,476,28256,25110,5549,9866,1445,4902,5686,8483,894,255,1,53,2950,2295,7615,570,160,9,7926,97,0,6330,1282,297
10253,2,66,782,102,255,6841,66,522,12731,251,210,7691,42,13360,3491,167,574,168935,1684,4522,44,188,3101,0,84,3757,741,268,39758,0,1554,22,34553,8580,483,29131,26101,5617,10195,1483,4961,5834,8683,937,263,1,53,3052,2351,7873,593,172,9,8195,103,0,6580,1332,307
10401,2,67,841,103,265,6947,67,534,13033,260,212,7732,44,14192,3536,173,574,172325,1729,4567,46,190,3177,0,84,3814,746,270,40074,0,1599,22,34962,8684,490,29411,26704,5650,10352,1537,5030,5940,8792,946,264,1,54,3100,2418,8009,603,171,9,8340,103,0,6689,1360,312
10531,2,67,853,103,270,7122,67,545,13376,265,214,7786,44,14561,3611,174,574,174017,1749,4600,46,206,3252,0,84,3910,769,274,40330,0,1631,22,35677,8983,493,29694,26987,5829,10643,1573,5085,5999,9011,977,268,1,54,3192,2509,8246,612,177,9,8422,117,0,6871,1411,313
10688,2,72,875,103,271,7283,67,554,13660,277,218,7794,44,15003,3705,176,615,176028,1798,4674,46,209,3293,0,101,3969,769,281,40868,0,1682,22,35863,9102,496,30085,27511,5831,10734,1620,5115,6086,9182,991,278,1,54,3195,2511,8307,620,194,9,8492,119,0,7025,1442,328
10921,2,77,889,105,290,7453,68,564,14114,289,218,7809,44,16896,3741,179,615,178642,1894,4703,48,222,3447,0,104,4056,824,291,41366,0,1762,22,36499,9440,501,30660,28010,5894,10964,1644,5178,6172,9333,1025,278,1,57,3290,2560,8519,653,201,9,8817,120,0,7073,1462,333
11224,2,80,921,107,302,7547,68,594,14499,294,221,7830,45,17344,3775,179,621,183456,1946,4752,51,228,3606,0,104,4261,866,301,41896,0,1801,25,37010,9550,535,31339,28294,6047,11258,1681,5312,6279,9593,1058,300,1,58,3379,2605,8780,679,208,10,9058,122,0,7190,1491,350
11355,2,97,949,111,315,7642,68,614,14980,297,228,7854,45,18411,3805,181,636,186036,2012,4840,53,232,3696,0,106,4361,874,305,42363,0,1824,25,37350,9716,556,32192,28676,6113,11447,1711,5376,6337,9734,1094,309,1,60,3462,2691,8931,699,210,10,9197,123,0,7333,1514,362
11531,2,98,959,112,319,7725,68,622,15276,304,229,7891,46,19335,3827,191,639,188541,2041,4891,53,232,3790,0,106,4502,897,315,42846,0,1856,25,37654,9884,565,32514,29058,6132,11573,1754,5423,6439,9890,1125,308,1,61,3509,2752,9110,715,215,11,9395,124,0,7552,1525,369
11680,2,109,1010,116,327,7896,68,643,15641,311,232,7925,46,19882,3968,194,644,190857,2108,4954,54,243,3973,2,106,4620,923,318,43127,0,1894,25,38259,10056,577,33131,29595,6302,11819,1806,5527,6529,10308,1171,315,1,64,3591,2897,9275,715,222,11,9550,127,0,7850,1560,387
11786,2,117,1021,116,335,8025,68,649,15952,315,232,7925,46,20545,3984,201,645,192177,2128,4994,56,247,4012,2,106,4708,956,327,43338,0,1923,25,38552,10111,597,33828,29909,6303,11950,1829,5625,6596,10605,1169,321,1,65,3610,3012,9339,715,224,11,9623,127,0,8045,1591,393
11919,2,119,1024,117,336,8099,68,651,16144,316,234,7959,58,20651,4128,201,645,193877,2150,5010,57,248,4029,2,106,4816,973,328,43753,0,1950,25,38688,10155,601,34168,30261,6325,12022,1871,5668,6644,10775,1161,325,1,67,3611,3086,9375,714,227,11,9733,127,0,8115,1601,393
12088,2,123,1049,116,354,8243,69,674,16477,325,241,7980,60,21228,4185,206,645,195805,2169,5029,59,248,4086,3,106,4905,994,335,44231,0,1968,25,39037,10217,606,34410,30561,6574,12103,1896,5697,6655,11014,1209,338,1,71,3692,3116,9434,762,228,11,9896,131,0,8168,1630,398
12246,2,123,1077,116,354,8395,69,698,16837,330,249,8042,63,21433,4214,209,648,198165,2184,5046,59,248,4120,3,107,4949,1022,340,44639,0,1993,25,39501,10273,611,34642,30921,6707,12167,1938,5702,6661,11103,1199,341,3,72,3752,3181,9491,781,233,11,9954,141,0,8198,1638,400
12580,2,125,1101,117,358,8616,69,709,17248,332,266,8070,84,21724,4287,209,695,201200,2252,5068,60,260,4236,4,114,5014,1034,334,45011,0,2049,25,40318,10561,624,35024,31200,6743,12288,2010,5892,6684,11309,1224,346,3,73,3787,3267,9654,798,244,11,10199,140,0,8285,1666,407
12912,2,125,1133,119,358,8844,69,730,17514,339,274,8091,82,22009,4339,215,697,204258,2258,5104,60,262,4359,4,115,5055,1057,337,45334,0,2082,25,40951,10811,645,35407,31859,6772,12411,2061,5955,6573,11438,1243,345,3,73,3847,3337,9769,808,248,11,10322,140,0,8399,1693,414
13194,2,139,1181,122,368,9138,69,740,17762,344,277,8219,87,22626,4391,221,698,206778,2288,5128,60,264,4571,4,116,5115,1064,338,45525,0,2157,27,41462,11157,682,35899,32413,6827,12578,2092,6028,6662,11644,1256,346,3,73,3893,3407,10077,831,253,11,10535,147,0,8507,1729,431
13348,2,153,1196,122,371,9248,69,754,18072,354,279,8316,87,23583,4470,225,698,208563,2335,5214,61,283,4736,4,116,5213,1064,345,45640,0,2215,27,41944,11314,685,36301,32839,6827,12953,2135,6101,6733,11907,1255,364,3,74,3959,3539,10383,858,267,11,10660,147,0,8679,1769,443
13529,2,172,1215,121,387,9489,69,777,18208,381,277,8472,99,24440,4613,239,704,210543,2382,5252,62,364,4915,5,126,5372,1086,369,45949,0,2302,27,43346,12072,741,37576,33078,6823,13329,2219,6229,6933,12644,1248,387,3,88,4107,3650,10987,866,284,11,10783,147,0,8898,1844,528
14071,2,187,1339,161,390,10049,73,792,18574,380,283,8525,99,24995,4721,243,704,210874,2690,5298,62,385,5324,5,127,5638,1145,371,46305,0,2397,31,44288,12311,748,38685,33276,6996,14018,2245,6346,7006,12950,1362,419,4,90,4212,3766,11741,965,291,11,11427,151,0,9001,1916,541
14328,2,197,1360,157,394,10343,74,801,18923,388,281,8573,99,25179,4761,253,710,214283,2698,5435,63,386,5781,5,127,5933,1164,370,46572,0,2421,31,44798,12541,749,39036,33531,7202,14180,2274,6434,7113,13032,1392,420,4,90,4265,3861,11843,988,291,12,11496,155,0,9054,1925,550
14499,2,198,1388,162,395,10585,74,810,19396,392,281,8647,99,25499,4849,263,711,214425,2694,5515,63,401,5949,5,127,5939,1182,375,46908,0,2464,32,45378,13250,755,39629,33817,7285,14563,2294,6510,7195,13287,1394,431,5,95,4312,3916,12122,993,304,12,11728,157,0,9163,1942,570
15023,2,209,1427,165,399,10934,76,834,20145,395,294,8763,117,25888,4978,267,711,218831,2896,5613,63,432,6470,5,129,6135,1233,390,47212,0,2550,33,46507,13658,781,40683,34241,7475,14952,2433,6662,7369,13815,1429,449,5,98,4428,4101,12564,1040,307,12,12048,160,0,9362,1995,608
15279,2,210,1452,167,401,11147,77,845,20848,398,301,8801,125,26266,5064,268,711,220867,2970,5640,64,444,6660,5,129,6176,1235,389,47378,0,2555,33,46771,14031,803,41475,34527,7609,15140,2472,6867,7405,14136,1461,461,6,100,4484,4151,12730,1047,314,12,12301,160,0,9428,2035,625
15452,2,215,1475,167,407,11296,77,850,21257,400,301,8890,127,26570,5171,269,711,221971,3033,5676,64,451,6748,5,129,6530,1244,392,47470,0,2587,33,47720,14223,813,41970,34875,7610,15315,2505,6949,7435,14360,1461,468,6,102,4486,4346,12858,1072,320,14,12373,161,0,9459,2061,649
15568,2,215,1506,167,408,11483,77,853,21568,402,302,8904,127,26788,5274,270,711,223230,3070,5695,64,454,6818,5,129,6568,1260,396,47722,0,2614,33,48114,14346,820,42259,35173,7608,15350,2538,6994,7505,14577,1466,470,6,103,4486,4419,12945,1072,326,14,12529,162,0,9546,2087,650
15742,2,215,1534,174,415,11730,78,873,22057,407,315,8975,143,26968,5294,274,711,224105,3146,5721,64,468,6944,5,132,6706,1279,402,47986,0,2649,34,48501,14623,834,43090,35389,8024,15537,2546,7082,7539,14817,1523,471,6,104,4707,4525,13142,1127,335,14,12680,164,0,9597,2106,682
15991,2,219,1560,177,415,11938,78,877,22432,414,316,9048,143,27184,5327,277,711,225827,3179,5736,69,495,7086,5,131,6709,1298,411,48267,0,2665,36,48795,14778,851,43493,35636,8244,15706,2565,7154,7566,15026,1568,478,6,104,4814,4633,13307,1147,344,14,12802,164,0,9653,2130,704
16292,2,222,1592,179,415,12152,78,888,22809,414,318,9093,147,27378,5375,280,719,227346,3220,5759,69,497,7180,5,131,6908,1311,414,48514,0,2687,36,49007,15006,864,43902,35883,8270,15808,2602,7196,7638,15194,1595,481,6,103,4850,4756,13365,1159,352,14,12953,164,0,9812,2154,712
16531,2,223,1625,182,418,12378,78,892,23119,418,331,9173,147,27658,5420,281,720,229054,3294,5776,69,505,7364,5,131,6990,1322,419,48801,0,2704,36,49464,15261,889,44528,36205,8383,15918,2652,7261,7712,15431,1631,489,6,109,4898,4835,13536,1174,359,14,13049,166,0,9934,2168,720
16766,2,224,1661,187,419,12568,80,907,23477,421,334,9251,147,27915,5476,291,720,230662,3353,5803,69,529,7500,5,132,7097,1333,424,48953,0,2740,37,49999,15530,910,45086,36513,8576,16100,2672,7369,7752,15622,1642,496,6,114,4952,4910,13649,1190,370,14,13245,167,0,10030,2192,741
16905,2,227,1680,187,424,12688,80,908,23695,421,341,9250,147,28140,5657,299,720,231695,3424,5821,69,550,7581,5,132,7189,1353,434,49057,0,2778,37,50349,16098,936,45297,36861,8572,16101,2691,7458,7792,15944,1642,504,6,115,4986,5037,13769,1204,383,16,13352,169,0,10199,2214,753
17033,2,227,1692,187,425,12952,80,915,23902,421,340,9330,147,28234,5681,302,721,232893,3442,5849,69,550,7613,5,132,7228,1363,436,49290,0,2799,37,50554,16333,959,45496,37075,8630,16598,2717,7510,7851,16083,1642,508,6,115,4990,5090,13830,1220,390,16,13412,175,0,10338,2243,753
17399,2,227,1761,196,430,13229,83,935,24223,429,342,9388,147,28520,5731,304,721,233777,3470,5875,70,571,7701,5,132,7350,1379,443,49545,0,2835,39,50947,16617,971,45843,37370,8857,16829,2743,7644,7921,16233,1724,514,6,117,5127,5167,14209,1260,396,16,13567,177,0,10394,2258,778
17494,2,229,1809,201,433,13297,86,945,24363,429,357,9460,160,28612,5749,308,722,235386,3483,5902,70,581,7729,5,144,7456,1387,445,49777,0,2855,39,51196,16724,976,46142,37620,8947,16879,2774,7664,7971,16317,1742,514,6,117,5144,5302,14298,1276,398,16,13622,177,0,10498,2283,782
17705,2,233,1849,204,438,13428,107,949,24661,429,358,9615,160,28854,5788,314,722,236986,3490,5944,71,581,7774,5,148,7518,1402,448,50013,0,2880,39,51364,16891,985,46651,37924,9023,17024,2821,7737,8001,16529,1750,515,6,126,5181,5376,14420,1297,400,17,13720,179,0,10576,2297,810
17853,2,234,1933,207,441,13572,107,956,24911,429,362,9663,164,28961,5858,320,722,238458,3577,6006,71,588,7812,6,148,7608,1408,451,50202,0,2902,39,51571,17135,1014,46865,38229,9144,17149,2862,7792,8068,16730,1763,519,6,127,5233,5444,14519,1309,412,17,13830,181,0,10703,2327,813
18013,2,239,1995,211,440,13714,108,965,25120,437,363,9705,164,29105,5936,329,722,239756,3630,6022,71,596,7876,9,148,7697,1419,455,50319,0,2946,39,51983,17604,1043,47165,38507,9300,17529,2930,7938,8119,16932,1762,525,6,129,5317,5557,14826,1334,419,17,13944,183,0,10804,2361,825
18224,2,240,2035,211,440,13832,108,969,25262,437,362,9710,164,29230,6030,334,722,240749,3652,6075,71,611,7969,10,148,7833,1429,458,50401,0,2972,39,52294,17767,1069,47517,38778,9304,17673,2947,8023,8156,17080,1759,528,6,133,5317,5610,14937,1352,421,19,14040,183,0,10874,2395,835
18275,2,243,2116,212,443,13954,108,972,25485,437,374,9766,164,29324,6067,341,724,241768,3688,6089,71,618,8000,10,148,7856,1440,460,50635,0,3000,39,52576,18015,1078,47686,39103,9306,17844,2964,8075,8192,17246,1758,531,6,135,5316,5670,15051,1366,423,19,14041,183,0,10970,2428,833
18509,2,244,2193,228,454,14053,108,979,25848,449,378,9789,175,29459,6118,341,727,242521,3730,6117,71,626,8055,10,148,7943,1452,463,50888,0,3024,39,52855,18233,1087,47688,39403,9508,17953,2984,8142,8210,17354,1768,530,6,136,5453,5753,15159,1390,424,19,14214,188,0,11004,2446,844
18652,2,245,2288,235,460,14154,109,982,26093,457,381,9839,175,29602,6172,342,730,243935,3763,6146,73,636,8107,11,148,8087,1460,465,51089,0,3058,39,52994,18372,1105,48084,39691,9603,18233,3016,8158,8275,17708,1866,534,6,136,5478,5866,15239,1402,431,20,14356,195,0,11141,2455,859
18820,2,274,2321,238,464,14265,109,991,26289,460,390,10090,175,29763,6230,347,732,244999,3808,6190,73,638,8147,14,147,8145,1472,467,51318,0,3081,39,53415,18571,1119,48486,40030,9652,18371,3038,8221,8347,17914,1886,538,6,137,5514,6017,15377,1413,438,20,14466,198,0,11220,2481,870
18976,2,274,2372,237,467,14417,109,1000,26463,463,390,10143,173,29858,6289,347,732,246407,3866,6266,74,646,8225,15,148,8225,1481,469,51535,0,3113,42,53684,18784,1135,48819,40499,9712,18478,3064,8285,8410,18109,1912,539,6,138,5568,6070,15470,1426,444,20,14560,198,0,11285,2501,887
19107,2,274,2453,237,472,14519,109,1015,26642,474,402,10158,173,30040,6548,359,732,247542,3879,6274,74,658,8308,19,148,8318,1490,475,51645,0,3153,42,53863,18974,1151,49124,40951,9831,18597,3099,8362,8474,18346,1921,547,6,140,5595,6169,15603,1446,449,20,14638,199,0,11368,2540,905
19165,2,275,2494,235,475,14630,109,1016,26788,474,404,10159,173,30080,6591,362,732,248334,3895,6291,74,672,8340,20,148,8420,1507,481,51719,0,3181,42,54053,19147,1176,49248,41271,9833,18598,3117,8397,8504,18530,1919,553,6,141,5635,6232,15697,1452,457,20,14700,199,0,11429,2562,916
19326,2,276,2498,234,475,14703,109,1019,26884,488,416,10206,173,30179,6661,367,732,248821,3917,6311,74,687,8394,20,148,8481,1522,484,51783,0,3200,42,54263,19311,1178,49368,41493,9833,18592,3132,8419,8549,18631,1919,559,6,142,5656,6288,15756,1469,455,20,14702,201,0,11577,2571,926
19437,2,276,2502,233,475,14809,109,1019,26962,492,420,10205,173,30202,6689,370,732,249241,3933,6328,74,690,8394,20,148,8509,1526,485,52004,0,3218,42,54259,19431,1186,49361,41731,9842,18592,3136,8470,8558,18681,1920,559,6,145,5670,6376,15840,1474,460,20,14702,202,0,11592,2587,926
19543,2,276,2610,242,479,14888,109,1028,27050,508,420,10240,177,30371,6752,371,732,249859,3955,6336,74,695,8454,20,148,8545,1539,491,52184,0,3235,42,54414,19495,1197,49593,41990,10017,18841,3147,8488,8599,18795,1984,565,6,146,5696,6417,15906,1488,464,21,14855,209,0,11617,2611,939
19654,2,277,2639,244,482,14981,112,1028,27114,511,422,10258,180,30440,6770,377,733,251024,4008,6359,74,697,8474,21,148,8588,1544,493,52399,0,3246,42,54514,19640,1199,49797,42286,10104,18897,3177,8539,8623,18906,2003,569,6,146,5712,6444,15957,1495,468,22,14933,211,0,11723,2619,944
19770,2,277,2654,242,484,15073,115,1032,27248,515,426,10293,180,30563,6801,382,734,252066,4047,6379,74,700,8502,21,148,8613,1551,498,52582,0,3267,42,54817,20035,1200,50014,42674,10155,19062,3207,8621,8663,19101,2016,571,6,148,5758,6489,16066,1506,468,23,15008,214,0,11830,2639,949
19904,2,278,2678,246,486,15210,116,1042,27408,517,430,10312,181,30622,6926,393,734,253176,4087,6408,75,700,8547,21,150,8761,1564,497,52706,0,3293,42,55161,20207,1206,50277,43125,10280,19151,3237,8769,8714,19366,2035,572,6,150,5788,6551,16131,1530,473,22,15097,214,0,11891,2653,966
19961,2,279,2690,246,486,15360,116,1043,27528,517,434,10311,180,30735,6968,397,734,253985,4119,6410,75,707,8589,21,150,8844,1571,501,52800,0,3304,42,55342,20302,1215,50302,43399,10277,19153,3257,8821,8762,19492,2035,586,6,152,5826,6612,16218,1540,478,21,15178,214,0,11989,2682,970
20000,2,281,2692,244,486,15430,116,1047,27573,521,437,10348,180,30850,6981,407,737,254656,4133,6424,75,710,8607,21,150,8864,1584,504,52987,0,3315,42,55606,20400,1231,50499,43642,10278,19155,3265,8857,8764,19582,2037,587,6,153,5850,6650,16283,1550,477,21,15177,214,0,12038,2694,980
20081,2,282,2745,248,497,15500,129,1054,27656,531,456,10384,180,30916,7008,416,737,255049,4151,6438,75,724,8647,21,150,8963,1588,509,53196,0,3344,44,55691,20511,1235,50670,43956,10439,19358,3279,8905,8796,19647,2101,630,6,153,5894,6721,16354,1557,486,22,15289,215,0,12070,2715,994
20162,2,284,2756,254,497,15552,131,1057,27730,539,455,10409,180,31076,7033,417,741,256148,4167,6445,75,727,8660,22,150,9017,1595,510,53392,0,3364,45,55943,20634,1242,50847,44241,10527,19422,3302,8954,8837,19721,2112,638,6,155,5915,6751,16373,1568,487,22,15402,216,0,12212,2716,1003
20301,2,284,2773,254,499,15655,131,1066,27838,541,466,10444,180,31148,7048,433,742,257271,4181,6472,75,737,8685,22,150,9133,1600,510,53611,0,3381,45,56147,20919,1250,51109,44436,10589,19485,3316,8994,8852,19862,2179,663,6,156,5931,6774,16468,1573,489,22,15439,220,0,12308,2731,1018
20377,2,285,2791,255,504,15746,131,1072,27916,541,470,10468,181,31261,7095,458,744,258516,4240,6490,75,739,8705,22,150,9203,1612,520,53806,0,3402,45,56389,21129,1255,51445,44836,10669,19577,3345,9072,8897,20095,2204,671,6,156,5977,6876,16530,1587,492,22,15532,222,0,12380,2739,1023
20510,2,285,2801,256,507,15862,132,1077,28024,547,471,10504,181,31379,7163,465,745,259817,4266,6528,75,750,8732,22,150,9257,1622,521,53957,0,3425,47,56708,21321,1274,51695,45127,10767,19627,3386,9168,8935,20207,2223,690,6,156,6014,6925,16603,1603,500,23,15586,223,0,12476,2746,1026
20589,2,286,2817,256,510,15996,132,1083,28125,550,472,10504,181,31509,7192,492,745,260797,4286,6549,75,765,8761,22,150,9332,1634,527,54060,0,3465,47,56930,21418,1289,51904,45434,10769,19625,3410,9208,8953,20367,2225,699,6,156,6036,6974,16660,1625,511,23,15632,227,0,12554,2752,1032
20668,2,286,2822,256,517,16088,132,1084,28204,556,473,10530,181,31572,7331,508,745,261446,4304,6554,75,778,8765,22,150,9351,1649,531,54301,0,3486,47,57154,21593,1296,52001,45811,10769,19633,3423,9249,8985,20470,2283,700,6,156,6035,7037,16694,1635,515,23,15639,227,0,12629,2759,1036
20775,2,287,2829,258,518,16170,137,1086,28312,560,476,10538,181,31647,7430,516,747,262133,4333,6578,75,795,8787,24,152,9416,1660,539,54568,0,3505,48,57226,21770,1303,52246,46054,10919,19809,3437,9301,9001,20552,2292,727,6,159,6123,7088,16739,1639,531,23,15736,230,0,12665,2770,1038
20888,2,288,2843,258,521,16247,137,1098,28390,561,477,10596,181,31712,7442,519,748,263333,4341,6584,75,803,8803,24,152,9476,1661,539,54848,0,3519,48,57421,21846,1303,52479,46351,10953,19840,3464,9361,9027,20613,2311,760,6,159,6139,7112,16786,1647,535,23,15787,229,0,12753,2773,1041
21010,2,288,2856,258,523,16332,137,1103,28479,567,482,10631,191,31785,7464,531,748,264414,4374,6605,75,813,8832,24,152,9569,1669,543,55121,0,3527,48,57658,22010,1306,52804,46541,11019,19906,3497,9386,9063,20730,2328,778,6,159,6153,7184,16844,1647,542,23,15878,230,0,12781,2783,1045
21086,2,289,2872,257,528,16481,138,1114,28576,570,489,10690,191,31865,7486,539,749,265775,4399,6639,75,822,8850,26,152,9608,1677,545,55370,0,3540,48,57956,22158,1316,53164,46961,11093,19966,3529,9457,9102,20853,2339,814,6,159,6195,7223,16904,1656,548,23,15940,229,0,12829,2791,1052
21194,2,291,2880,257,529,16588,138,1137,28714,576,491,10730,191,31947,7573,549,749,266988,4440,6658,75,840,8861,26,151,9678,1689,550,55476,0,3564,48,58254,22295,1323,53472,47307,11141,20039,3563,9519,9137,21009,2367,864,6,159,6225,7306,16946,1663,562,24,16007,229,0,12897,2796,1059
21253,2,291,2886,257,531,16676,138,1140,28819,576,492,10752,192,31994,7677,555,749,267801,4446,6680,75,850,8874,26,151,9751,1698,553,55578,0,3575,48,58689,22382,1329,53477,47600,11142,20040,3579,9576,9166,21134,2390,892,6,159,6227,7358,16982,1673,575,24,16046,230,0,12944,2803,1062
21313,2,294,2891,257,531,16734,138,1154,28895,585,495,10786,192,32019,7697,559,749,268455,4468,6693,75,854,8890,26,151,9808,1713,554,55835,0,3585,48,58758,22418,1334,53851,47741,11142,20041,3584,9592,9198,21223,2390,893,6,159,6270,7391,17007,1677,581,24,16055,231,0,12990,2816,1065
21421,2,294,2902,261,534,16797,142,1161,29005,589,497,10820,192,32073,7719,566,750,269284,4483,6709,76,858,8913,26,152,9856,1735,555,56105,0,3583,48,59060,22573,1339,54103,48012,11170,20154,3598,9629,9226,21276,2414,956,6,160,6319,7448,17052,1678,587,24,16197,230,0,13059,2825,1074
21454,2,294,2912,258,534,16902,140,1167,29091,592,497,10877,193,32128,7723,567,750,270299,4507,6717,76,871,8949,26,153,9930,1736,556,56346,0,3598,48,59278,22640,1340,54339,48231,11275,20212,3614,9644,9264,21362,2437,989,6,160,6331,7516,17084,1681,596,23,16266,230,0,13155,2829,1078
21535,2,294,2919,257,536,16981,140,1172,29184,593,499,10937,195,32184,7726,572,753,271371,4538,6728,76,878,8965,26,153,9991,1737,559,56561,0,3612,48,59501,22741,1344,54702,48557,11312,20268,3642,9691,9293,21442,2450,1005,6,160,6368,7591,17114,1685,608,23,16338,229,0,13260,2840,1085
21594,2,296,2933,259,537,17085,141,1179,29245,594,503,11033,195,32343,7757,579,756,272653,4567,6735,76,887,8984,26,153,10030,1745,559,56782,0,3625,48,59887,22846,1345,54968,48883,11428,20302,3671,9755,9312,21589,2495,1060,6,161,6401,7684,17174,1694,621,23,16404,231,0,13336,2852,1093
21701,2,296,2948,259,537,17171,142,1199,29365,601,504,11099,198,32443,7928,588,756,273638,4595,6746,76,902,9009,26,155,10125,1760,560,56899,0,3661,48,60208,23104,1349,55359,49308,11505,20390,3687,9832,9334,21717,2508,1131,6,162,6435,7769,17219,1706,632,23,16488,230,0,13371,2870,1100
21789,2,297,2957,259,537,17278,142,1207,29456,601,506,11136,199,32491,7960,589,756,274565,4617,6759,76,909,9029,26,155,10177,1767,563,56997,0,3677,49,60470,23190,1353,55458,49561,11506,20388,3705,9869,9354,21825,2515,1173,6,163,6461,7816,17289,1712,639,29,16513,232,0,13422,2882,1106
21829,2,299,2964,259,537,17336,142,1213,29527,603,506,11178,201,32522,7973,592,756,274942,4628,6769,76,917,9044,26,156,10224,1768,567,57222,0,3683,49,60677,23235,1354,55460,49811,11510,20393,3727,9907,9389,21906,2524,1174,6,163,6491,7839,17317,1720,644,30,16524,232,0,13466,2896,1111
21893,3,301,2979,261,538,17381,144,1223,29413,604,508,11205,202,32609,7984,596,757,275856,4640,6784,77,924,9058,26,157,10272,1778,569,57466,0,3693,49,60820,23350,1356,55777,49996,11549,20558,3740,9945,9411,21959,2542,1258,6,164,6522,7917,17353,1723,662,33,16642,233,0,13503,2906,1117
21933,3,302,2981,262,539,17432,149,1231,29463,615,512,11298,203,32674,7989,599,757,277445,4650,6808,77,931,9070,27,157,10311,1782,570,57701,0,3706,50,61086,23408,1361,56104,50367,11588,20607,3766,9991,9431,22038,2550,1284,6,164,6542,8015,17386,1724,668,33,16677,233,0,13599,2911,1123
22023,3,302,2989,262,540,17505,151,1242,29510,616,515,11415,203,32741,8009,604,757,278665,4669,6828,77,934,9095,27,158,10382,1787,574,57959,0,3728,50,61338,23510,1365,56519,50682,11645,20663,3802,10055,9456,22140,2567,1321,6,166,6572,8086,17427,1726,678,33,16775,236,0,13671,2921,1129
22122,3,303,3010,262,542,17575,161,1246,29607,617,516,11526,204,32831,8034,610,762,279909,4678,6856,77,937,9121,27,159,10408,1803,579,58166,0,3750,50,61763,23634,1365,56802,51071,11657,20740,3827,10151,9478,22296,2587,1369,6,166,6630,8156,17518,1733,684,33,16854,236,0,13743,2935,1132
22177,3,304,3016,262,542,17654,161,1252,29687,623,518,11601,205,32878,8121,630,762,281165,4694,6870,77,939,9131,27,159,10449,1812,582,58311,0,3771,51,62080,23717,1368,57053,51402,11700,20800,3849,10229,9499,22400,2604,1490,6,171,6671,8258,17583,1736,695,27,16928,239,0,13797,2946,1137
22256,3,305,3022,262,542,17767,161,1254,29822,625,521,11624,205,32966,8137,631,762,282135,4712,6888,77,948,9151,27,159,10484,1819,587,58407,0,3801,51,62349,23806,1372,57369,51828,11696,20804,3891,10251,9522,22533,2610,1532,6,172,6701,8342,17638,1743,704,27,16965,240,0,13881,2959,1140
22329,3,305,3031,262,542,17817,161,1266,29934,626,522,11699,205,33020,8150,633,763,282982,4722,6904,77,951,9168,27,159,10514,1827,588,58644,0,3822,51,62520,23835,1374,57609,52045,11696,20815,3892,10273,9545,22625,2622,1533,6,172,6758,8400,17698,1742,710,27,16974,240,0,13899,2971,1144
22389,3,306,3048,262,542,17872,163,1274,29994,629,523,11737,211,33089,8155,639,763,283750,4733,6918,77,954,9208,28,160,10615,1833,590,58911,0,3840,51,62524,23958,1378,57786,52350,11696,20942,3910,10297,9572,22725,2635,1624,6,173,6777,8479,17738,1749,719,27,17061,241,0,13931,2990,1146
22433,3,308,3051,266,544,17909,163,1276,30069,629,531,11775,213,33145,8162,642,765,285016,4746,6926,77,959,9228,27,161,10658,1845,591,59161,0,3844,52,62854,24041,1379,58151,52670,11820,20969,3920,10320,9592,22782,2650,1571,6,176,6802,8537,17766,1748,723,29,17110,242,0,13987,3015,1150
22474,3,309,3056,267,544,17984,164,1278,30152,632,531,11832,215,33225,8178,642,767,286183,4758,6931,77,967,9241,26,161,10719,1850,593,59405,0,3863,52,63067,24096,1383,58449,52837,11846,21018,3954,10351,9609,22855,2688,1653,6,176,6846,8594,17815,1753,728,29,17178,242,0,14044,3023,1154
22523,3,309,3061,267,545,18048,166,1286,30224,632,533,11898,217,33286,8190,644,768,287222,4772,6952,78,978,9275,26,161,10770,1863,597,59633,0,3879,52,63237,24172,1387,58617,53166,11881,21054,3972,10416,9633,22967,2698,1678,6,177,6895,8675,17879,1757,739,29,17240,243,0,14104,3039,1158
22602,3,309,3069,267,545,18097,167,1290,30340,633,535,11975,217,33373,8196,663,768,288136,4796,6977,78,981,9304,26,161,10850,1874,598,59776,0,3913,52,63423,24332,1388,58799,53381,11919,21077,3999,10434,9672,23044,2712,1697,6,177,6945,8748,17918,1763,766,29,17278,247,0,14149,3054,1167
22756,3,313,3078,267,545,18212,167,1296,30482,634,540,12000,220,33448,8205,670,768,288451,4807,6988,78,992,9321,26,161,10916,1890,600,59902,0,3953,52,64026,24453,1394,59284,53765,11921,21082,4029,10514,9694,23216,2724,1726,6,177,6978,8804,17985,1765,776,29,17340,251,0,14208,3069,1179
22858,3,313,3085,268,545,18265,167,1300,30591,635,543,12050,223,33497,8219,673,768,289366,4824,7000,78,1005,9334,26,162,10951,1900,608,60186,0,3977,52,64298,24570,1394,59664,54166,11922,21094,4038,10579,9719,23348,2737,1727,6,177,7019,8854,18046,1774,795,32,17348,253,0,14238,3079,1186
22962,3,313,3086,273,547,18338,169,1308,30665,639,545,12129,223,33551,8224,675,769,290009,4860,7013,78,1008,9355,26,162,10986,1920,614,60485,0,4012,53,64750,24795,1397,59982,54457,12056,21345,4065,10670,9751,23453,2742,1766,6,178,7060,8928,18081,1784,815,34,17464,256,0,14291,3093,1194
23069,3,313,3100,272,547,18391,169,1318,30779,641,548,12225,225,33630,8233,676,770,290486,4868,7021,78,1015,9351,26,162,11052,1926,615,60811,0,4022,58,65088,24937,1400,60361,54752,12020,21382,4078,10741,9770,23584,2761,1796,6,179,7104,9013,18137,1787,826,34,17517,257,0,14363,3105,1197
23133,3,317,3105,273,548,18485,168,1322,30927,644,548,12326,225,33669,8248,678,771,294065,4884,7033,78,1020,9357,26,162,11107,1936,618,61077,0,4051,62,65438,25083,1402,60822,55015,12036,21469,4106,10807,9800,23668,2770,1818,6,179,7132,9078,18166,1795,854,36,17592,258,0,14440,3126,1202
23265,3,324,3120,273,548,18575,171,1324,31054,645,553,12413,231,33775,8265,689,774,296821,4925,7048,78,1023,9361,28,165,11150,1950,622,61332,0,4088,63,65864,25253,1411,61289,55464,12062,21554,4127,10883,9843,23869,2790,1865,6,182,7190,9139,18234,1798,864,36,17674,260,0,14510,3150,1210
23319,3,328,3139,274,549,18660,171,1331,31219,651,553,12485,231,33813,8275,696,775,298937,4935,7061,78,1026,9385,28,173,11208,1965,626,61517,0,4108,63,66262,25401,1416,61800,55877,12120,21657,4144,10953,9873,24025,2808,1898,6,184,7205,9206,18319,1805,874,35,17757,275,0,14558,3174,1214
23415,3,330,3148,274,549,18733,171,1342,31330,653,554,12588,231,33881,8294,695,776,299760,4947,7071,78,1028,9386,28,173,11238,1971,634,61644,0,4155,63,66566,25474,1422,62008,56159,12120,21663,4152,10998,9906,24134,2822,1909,6,186,7213,9262,18402,1812,882,36,17794,277,0,14619,3200,1223
23507,3,331,3156,274,549,18811,171,1350,31454,661,554,12670,231,33928,8314,697,779,300614,4965,7083,78,1030,9411,28,173,11268,1975,636,61911,0,4176,63,66865,25586,1423,62340,56549,12120,21672,4161,11048,9919,24305,2841,1909,6,189,7287,9343,18437,1818,894,36,17805,277,0,14655,3216,1230
23589,3,335,3170,277,550,18860,173,1365,31588,668,559,12699,236,34027,8463,700,782,302077,4986,7090,79,1037,9486,33,175,11326,1988,640,62134,0,4213,63,67115,25734,1427,62829,56856,12266,21856,4176,11085,9966,24416,2848,1982,6,191,7314,9417,18501,1833,915,38,17916,281,0,14675,3226,1239
23694,3,337,3200,278,552,18922,173,1377,31692,675,559,12749,243,34114,8538,700,784,303369,4999,7099,80,1042,9517,33,182,11397,2007,647,62434,0,4254,67,67464,25872,1428,63263,57209,12310,21935,4229,11112,9965,24551,2870,2016,6,192,7378,9485,18553,1841,923,38,17988,283,0,14744,3240,1249
23757,4,338,3212,278,553,19028,174,1384,31824,675,559,12788,243,34154,8554,702,788,305070,5016,7103,81,1063,9534,34,182,11494,2019,650,62728,0,4288,69,67753,26013,1430,63462,57598,12362,21975,4258,11156,9997,24662,2884,2029,6,196,7469,9566,18588,1853,927,39,18061,285,0,14830,3256,1252
23904,8,344,3231,279,555,19170,175,1400,31919,676,561,12872,246,34308,8617,720,789,306327,5039,7117,81,1067,9577,37,199,11562,2038,652,62985,0,4354,80,68267,26183,1439,64016,58098,12434,22100,4292,11218,10034,24859,2908,2069,6,203,7513,9635,18680,1861,934,41,18134,292,0,14926,3273,1260
24010,8,347,3243,280,556,19257,175,1404,32076,681,561,12931,246,34378,8667,724,795,307618,5063,7132,81,1071,9635,38,200,11615,2050,662,63197,0,4393,85,68713,26352,1447,64523,58502,12488,22175,4321,11264,10054,25005,2929,2144,6,211,7561,9681,18755,1877,955,42,18224,296,0,14994,3300,1264
24126,8,352,3258,282,568,19342,175,1408,32134,691,568,12988,246,34457,8697,727,800,309197,5072,7144,81,1079,9665,50,218,11667,2077,664,63353,0,4442,86,69051,26480,1450,64856,58883,12487,22185,4342,11291,10074,25138,2956,2195,6,216,7607,9721,18812,1889,967,42,18247,301,0,15063,3313,1278
24227,16,357,3272,282,572,19436,175,1419,32279,697,569,13025,248,34563,8711,728,800,310606,5088,7152,81,1081,9703,50,219,11685,2091,675,63783,0,4482,86,69426,26714,1458,65167,59230,12492,22191,4343,11339,10106,25270,2978,2198,6,227,7681,9829,18876,1897,973,43,18278,308,0,15172,3328,1285
24293,18,361,3289,287,573,19514,187,1459,32414,704,570,13066,249,34676,8843,732,808,311844,5114,7168,81,1089,9758,56,218,11789,2140,689,64196,0,4537,86,69934,26881,1462,65869,59568,12642,22389,4414,11417,10134,25434,3015,2316,6,230,7707,9940,18960,1916,990,49,18414,308,0,15235,3353,1300
24412,18,362,3302,290,572,19570,188,1463,32532,707,571,13110,252,34779,8882,735,817,313606,5140,7179,81,1094,9763,58,245,11834,2143,695,64648,0,4549,88,70221,27047,1463,66447,60016,12706,22483,4434,11467,10156,25536,3033,2356,6,233,7749,9999,19005,1918,999,51,18501,316,0,15362,3371,1317
24512,22,363,3325,333,575,19757,192,1484,32664,709,581,13201,252,34973,8913,739,822,315615,5190,7193,81,1117,9801,58,316,11881,2168,707,65159,0,4653,90,70812,27275,1476,66986,60575,12786,22617,4506,11546,10211,25700,3059,2441,6,239,7858,10098,19100,1927,1017,55,18626,318,0,15542,3401,1327
24631,23,369,3346,359,581,19848,194,1493,32910,714,587,13254,251,35063,8953,741,853,317696,5200,7206,81,1118,9831,60,317,12015,2199,713,65633,0,4711,90,71183,27533,1478,67331,61085,12886,22727,4580,11598,10252,25880,3099,2516,7,248,7975,10177,19169,1939,1026,55,18739,322,0,15662,3430,1340
24822,23,375,3377,360,584,20047,194,1513,33145,715,590,13412,257,35205,9077,751,861,319977,5242,7237,89,1123,9911,63,361,12132,2270,732,65868,0,4776,94,71968,27819,1488,68546,61656,13042,22830,4723,11722,10295,26293,3166,2589,7,253,8082,10235,19314,1976,1045,56,18857,333,0,15807,3496,1354
24977,23,376,3391,360,584,20136,195,1521,33289,715,605,13453,257,35394,9104,754,877,322219,5263,7249,88,1134,9945,66,361,12228,2285,737,66068,0,4831,102,72284,28105,1495,69034,62205,13048,22833,4756,11794,10320,26492,3170,2626,7,258,8148,10264,19358,1983,1056,61,18918,347,0,15952,3502,1374
25145,25,380,3415,360,584,20300,195,1534,33463,723,607,13533,257,35467,9222,755,1025,323765,5279,7259,88,1137,9984,66,361,12264,2320,751,66627,0,4879,102,72942,28249,1505,69676,62622,13051,22835,4809,11868,10356,26744,3230,2631,10,270,8271,10345,19448,2013,1073,62,18947,352,0,16024,3532,1385
25258,26,384,3449,367,591,20435,196,1570,33772,731,610,13596,257,35610,9319,762,1121,326034,5302,7282,88,1142,10057,74,452,12459,2352,757,67197,0,4949,108,73233,28727,1507,70370,63175,13280,23193,4845,11950,10399,26968,3257,2745,10,278,8317,10449,19575,2039,1102,78,19136,360,0,16084,3583,1397
25393,26,389,3474,373,592,20563,203,1583,34071,738,623,13649,260,35818,9353,763,1136,328058,5327,7291,88,1147,10145,75,452,12549,2378,764,67668,0,5029,111,73895,29021,1511,71111,63873,13357,23336,4900,12019,10429,27127,3283,2833,11,277,8371,10533,19678,2054,1109,80,19230,361,0,16262,3616,1405
25600,30,392,3488,373,592,20732,203,1593,34278,744,625,13647,260,36069,9428,764,1161,330514,5353,7291,89,1147,10180,77,451,12625,2413,803,68343,0,5100,121,74369,29514,1524,71521,64524,13360,23342,4969,12097,10476,27314,3353,2902,11,294,8437,10637,19824,2081,1122,80,19305,361,0,16487,3656,1415
25770,30,397,3546,378,599,20913,208,1635,34553,772,638,13818,267,36227,9522,770,1231,332977,5424,7330,89,1178,10261,77,457,12831,2455,822,69060,0,5187,125,75169,29850,1552,72697,65217,13588,23675,5032,12194,10561,27663,3381,3071,11,303,8546,10721,20002,2128,1172,83,19512,435,0,16652,3726,1440
25974,30,404,3587,386,602,21089,219,1673,34843,793,643,13961,268,36470,9585,773,1240,336671,5456,7349,91,1186,10365,80,463,13016,2488,859,69598,0,5286,128,75970,30365,1573,73691,65992,13735,23883,5148,12305,10640,28018,3440,3287,11,316,8676,10807,20162,2190,1211,86,19691,456,0,16791,3775,1458
26141,30,410,3618,386,602,21300,224,1708,35207,807,653,13970,268,36618,9631,777,1254,339570,5478,7371,91,1202,10431,85,463,13171,2524,883,70043,0,5407,127,76630,30668,1589,74623,67099,13832,23890,5200,12360,10676,28347,3477,3384,11,318,8734,10871,20344,2238,1228,86,19757,494,0,17069,3831,1475
26330,36,415,3665,402,602,21508,225,1720,35541,811,660,14141,268,36919,9670,784,1301,342489,5526,7383,91,1214,10480,88,463,13274,2553,913,71048,0,5472,127,77606,31026,1604,75330,67989,13923,23904,5243,12410,10727,28732,3559,3387,11,318,8851,11000,20474,2330,1268,88,19809,551,0,17204,3870,1506
26697,36,424,3683,405,607,21684,233,1786,35765,821,685,14234,268,37141,9758,792,1482,344741,5584,7429,92,1221,10541,88,469,13415,2585,944,72186,0,5528,142,78300,31420,1613,77129,68779,14030,24396,5321,12503,10763,29073,3587,3565,11,357,8929,11124,20634,2378,1300,104,20147,576,0,17318,3899,1526
26893,39,431,3731,409,613,21817,240,1827,36056,830,690,14460,267,37323,9809,802,1561,348536,5625,7461,93,1242,10625,95,478,13545,2624,960,73326,0,5642,143,79051,31899,1640,78484,69757,14136,24565,5408,12644,10855,29346,3660,3667,11,376,9019,11170,20805,2451,1348,116,20318,598,0,17708,3942,1547
27259,39,437,3783,417,623,22021,251,1854,36386,835,693,14539,267,37632,9879,809,1661,353479,5658,7477,93,1242,10724,100,478,13588,2658,974,74559,0,5716,158,79948,32458,1652,80407,70716,14259,24703,5497,12728,10919,29695,3723,3809,11,386,9120,11249,20957,2518,1383,119,20467,610,0,17854,3986,1575
27517,42,447,3832,424,633,22254,264,1901,36800,856,714,14896,267,37982,10026,820,1780,357637,5761,7493,94,1274,10825,101,479,13968,2735,1020,75847,0,5792,163,81097,32925,1677,82444,71911,14414,24903,5615,12994,11006,30068,3861,3995,12,414,9247,11362,21152,2589,1423,124,20714,670,0,18308,4094,1618
27727,42,451,3882,434,645,22480,271,1935,37167,861,729,15089,288,38316,10143,832,1866,362024,5833,7515,101,1287,10945,105,479,14125,2774,1049,76630,0,5898,172,82220,33233,1700,84529,73471,14533,25076,5712,13153,11109,30448,3944,4234,13,431,9323,11441,21400,2624,1451,132,20936,698,0,18634,4161,1650
27777,42,451,3933,434,645,22551,271,1953,37544,866,730,15145,284,38519,10163,834,1934,364583,5872,7534,104,1290,11036,106,491,14131,2795,1084,77342,0,6003,172,83155,33529,1713,84904,74464,14604,25090,5761,13243,11136,30707,3942,4242,13,439,9399,11463,21537,2687,1474,136,21036,697,0,18709,4221,1679
28034,42,458,3994,434,666,22823,296,2045,37972,891,747,15185,284,39437,10341,840,2100,370769,5925,7572,112,1336,11245,111,490,14514,2828,1119,78781,0,6132,172,83824,34262,1738,85856,75707,14736,25105,5870,13379,11139,31140,4056,4260,15,488,9434,11557,21831,2850,1547,142,21102,782,0,19097,4280,1709
28358,47,471,4033,466,686,23226,298,2046,38366,921,775,15686,287,39721,10481,872,2181,374479,6023,7620,120,1352,11368,112,493,14609,2921,1188,80418,0,6281,180,85398,35224,1750,88178,77341,14966,25805,5905,13573,11353,31643,4189,4582,15,501,9759,11698,22207,2985,1590,153,21668,840,0,19267,4436,1811
28717,47,485,4091,475,697,23467,304,2196,38769,933,778,15731,294,39990,10573,878,2204,378361,6138,7630,124,1380,11452,117,497,14959,2962,1204,81996,0,6362,183,86916,35821,1775,90103,78356,15149,26070,6014,13630,11383,32115,4260,4779,15,530,9876,11832,22442,3075,1617,160,21938,850,0,19554,4543,1849
29144,47,489,4140,478,698,23629,307,2259,39166,936,796,15814,294,40337,10635,890,2247,383275,6155,7640,126,1394,11546,121,495,15016,3005,1220,82383,0,6420,188,87631,35991,1780,91390,79445,15254,26264,6065,13731,11477,32495,4328,4910,15,557,9986,11980,22633,3112,1648,164,22089,879,0,19704,4582,1874
29429,50,499,4146,478,698,23630,307,2282,39481,937,797,16055,294,40632,10839,909,2262,387793,6207,7690,128,1396,11658,121,508,15027,3005,1220,83633,0,6434,188,87750,36724,1816,92010,81351,15479,26279,6143,13889,11541,33026,4423,4920,16,585,10091,11984,22673,3113,1688,176,22135,889,0,20039,4753,1875
29743,50,538,4152,478,717,23971,328,2462,39831,976,847,16122,294,41328,11260,920,2274,391225,6281,7726,130,1468,11803,124,515,15602,3050,1310,84862,0,6658,188,88987,37054,1847,93020,83298,15554,26300,6213,14058,11685,33799,4493,5105,16,592,10302,12070,23092,3256,1721,182,22259,984,0,20192,4755,1924
30298,50,550,4270,478,731,24342,339,2500,40149,1006,859,16243,294,41827,11444,927,2341,395879,6353,7773,131,1483,11895,126,525,15899,3107,1351,85795,0,6699,191,89617,37568,1872,93991,84448,15682,26313,6256,14195,11729,34334,4557,5165,16,627,10445,12123,23254,3309,1757,186,22393,996,0,20644,4848,1971
30374,51,561,4426,478,749,24548,339,2543,40365,1011,873,16342,309,41957,11561,939,2444,401448,6385,7801,139,1492,12043,136,530,16122,3109,1389,87952,0,6751,192,90108,37996,1887,94746,85560,15754,26321,6335,14294,11785,35125,4627,5191,16,644,10448,12307,23697,3442,1785,191,22508,1035,0,21012,4913,2040
30671,51,577,4471,544,762,24975,357,2603,40766,1051,889,16429,310,42614,11645,969,2537,409015,6459,7825,143,1507,12173,136,531,16128,3142,1456,90091,0,6983,201,91061,39137,1901,98008,87065,15917,27037,6377,14513,11832,35504,4710,5363,17,651,10665,12570,23982,3550,1841,194,23413,1060,0,21324,4947,2102
31126,51,588,4553,553,771,25342,384,2704,41162,1061,902,16514,320,42937,11775,971,2704,414549,6569,7858,144,1534,12318,140,531,16368,3317,1476,92351,0,7137,218,92780,39508,1934,100843,88392,16181,27367,6442,14775,11936,35991,4846,5493,17,671,10767,12717,24303,3616,1878,200,23625,1086,0,21950,5072,2134
31623,57,656,4626,572,791,25671,388,2811,41616,1071,926,16597,327,43355,11916,991,2763,422262,6603,7902,148,1557,12468,141,538,16561,3380,1519,94828,0,7479,223,95359,40465,1980,103168,90010,16361,27889,6508,14928,12072,36734,4933,5652,17,678,10927,12855,24564,3739,1925,202,23907,1115,0,22315,5089,2198
32327,57,769,4676,585,808,25919,401,3006,42116,1099,963,16657,330,43860,12036,1018,2804,430824,6690,7941,149,1576,12639,142,560,17089,3452,1608,97402,0,7686,232,98284,41259,2019,104882,92167,16625,28499,6594,15131,12196,37584,5072,5768,17,691,11111,13046,24997,3803,1976,208,24279,1144,0,22797,5314,2242
33250,57,853,4815,606,845,26443,408,3137,42644,1146,982,16717,338,44327,12173,1069,2812,440042,6833,8009,155,1599,12920,145,565,17438,3585,1693,99222,0,8049,247,101798,42093,2086,107954,94540,16912,28835,6747,15532,12362,38464,5086,5991,17,704,11428,13222,25497,3954,2031,213,24738,1190,0,23499,5372,2293
33957,57,958,4906,606,847,26800,414,3167,42999,1163,1007,17096,339,45078,12334,1075,3005,449971,7047,8061,159,1628,13112,153,597,17791,3664,1763,100434,0,8084,258,103448,43037,2148,109627,96324,17237,28950,6850,15875,12513,39242,5159,6092,17,708,11433,13323,25906,4026,2089,217,24892,1220,0,23838,5487,2358
34387,57,1000,5017,606,852,27548,424,3361,43344,1185,1026,17416,339,45342,12707,1090,3112,458255,7165,8100,162,1652,13443,163,602,18121,3704,1833,103687,0,8177,261,105944,43662,2178,111015,98476,17357,28978,6914,16051,12632,40756,5248,6112,18,710,11443,13462,26413,4124,2146,232,24963,1266,0,24183,5563,2447
34907,57,1051,5085,657,907,28180,465,3389,43940,1200,1062,17760,339,46397,12926,1127,3209,467189,7317,8151,165,1681,13582,176,609,18138,3798,1866,107046,0,8504,266,111382,44895,2194,113645,99933,17528,31041,7042,16328,12796,41453,5478,6331,18,762,11762,13687,26780,4360,2178,236,25870,1275,0,24530,5587,2498
35597,57,1129,5209,670,929,28577,481,3555,44475,1221,1089,17956,362,47411,13028,1158,3365,475778,7463,8235,167,1718,13791,187,613,18284,3880,1924,110585,0,8873,279,114315,45558,2231,117606,102194,17774,31388,7255,16445,12919,43064,5633,6498,18,773,11957,14081,27209,4437,2231,238,26450,1330,0,24737,5787,2534
36257,63,1199,5358,684,943,28694,501,3671,45135,1246,1143,18568,371,48401,13313,1167,3436,488519,7695,8299,171,1764,13965,215,613,18667,3997,1979,113847,0,9205,289,116934,46770,2284,123472,104382,18092,32101,7403,16725,13087,44106,5766,6719,18,773,12120,14372,27695,4551,2323,244,26908,1462,0,25024,5925,2626
36872,63,1221,5459,697,960,29323,505,3788,45885,1264,1193,18909,378,49232,13444,1205,3462,502026,7913,8372,171,1788,14250,220,643,18832,4078,2019,117031,0,9220,294,119736,47788,2336,126552,107398,18400,32946,7584,17274,13304,45282,5897,6891,19,815,12662,14390,28110,4625,2373,248,27418,1521,0,25992,6036,2672
37630,63,1244,5508,708,984,29796,529,3840,46636,1276,1211,19301,386,49939,13535,1232,3475,513283,8040,8419,174,1790,14401,222,652,19012,4137,2044,119133,0,9722,299,122960,48647,2372,129315,109971,18568,33129,7633,17619,13489,46082,6047,6990,21,827,12860,14560,28472,4743,2397,248,27851,1547,0,26970,6147,2717
38686,63,1466,5654,710,985,29966,542,3920,47053,1308,1241,19881,386,50624,13691,1271,3501,525564,8187,8466,178,1812,14608,235,687,19358,4218,2095,120869,0,9742,299,124517,49821,2425,130394,112482,18845,33129,7802,18136,13572,48113,6137,7104,21,830,13395,14589,28846,4824,2475,250,28073,1622,0,27636,6298,2780
39898,63,1619,5792,718,992,30899,560,4177,47819,1334,1260,20137,388,51612,13843,1301,3613,532730,8302,8532,180,1864,14799,241,697,19613,4313,2137,125067,0,9906,317,128801,50674,2485,132982,114857,19072,33521,7976,18413,13924,49381,6210,7148,21,837,13474,14902,29650,5031,2509,251,28390,1658,0,28544,6428,2880
40691,63,1679,6171,799,1070,31742,564,4288,50583,1363,1280,20359,400,53694,14031,1341,3715,544780,8418,8586,181,1902,15361,242,714,20370,4464,2187,129577,0,10667,321,137170,51471,2539,141505,116904,19453,34894,8263,18962,14127,50523,6537,7295,23,891,13919,15502,30211,5117,2560,261,29770,1885,0,29102,6571,2920
41437,64,1705,6292,821,1083,32762,575,4426,52575,1408,1312,20661,450,54681,14132,1363,3888,567249,8585,8700,183,1948,15688,241,714,21633,4568,2221,133777,0,10942,327,141374,52574,2602,147671,119874,19797,36089,8444,19349,14319,51717,6725,7440,23,898,14280,15864,30748,5261,2615,262,30331,1952,0,29779,6691,3010
42258,64,1716,6406,848,1101,33358,583,4525,53416,1427,1327,20953,456,55801,14471,1374,3922,581519,8780,8780,185,1961,15896,242,730,22488,4636,2247,137930,0,11165,332,145193,53622,2665,154078,122631,20112,37013,8566,19708,14572,52777,6887,7549,23,907,14488,16089,31124,5347,2678,263,30773,2003,0,30659,6843,3066
42931,64,1742,6571,870,1118,33992,627,4705,56268,1454,1336,21240,461,56687,14713,1397,3958,597386,8928,8860,188,1996,16212,242,743,22888,4712,2297,141659,0,11418,344,148457,54435,2765,158628,126397,20493,37637,8800,20032,14733,54216,7051,7682,23,921,14797,16358,31568,5439,2727,265,31322,2078,0,31198,6945,3129
43860,64,1771,6823,900,1146,34714,642,4808,59114,1481,1362,21567,482,57205,14909,1438,3966,610907,9042,8925,188,2027,16488,244,778,23356,4796,2338,144215,0,11677,351,153047,55640,2841,164374,129046,20827,38522,8995,20458,15052,55773,7275,7800,23,934,15338,16650,32192,5546,2788,269,31812,2118,0,32177,7070,3200
44762,65,1788,6955,926,1174,35205,654,4925,61368,1491,1391,21784,483,58200,15066,1463,3994,623792,9208,9009,196,2052,16701,244,786,23812,4889,2367,145853,0,11933,355,155289,56502,2907,167409,132678,21121,39498,9091,20836,15208,57097,7403,7847,22,952,15670,16899,32705,5641,2818,271,32222,2163,0,32699,7167,3286
45535,65,1832,7099,963,1194,35632,662,5042,62455,1526,1425,21998,489,59148,15213,1538,4050,636190,9413,9099,205,2085,16983,246,793,24273,4977,2421,149746,0,12170,361,158575,57569,2944,169842,136099,21273,40101,9222,21111,15397,57942,7553,7904,23,961,16026,17173,33249,5748,2891,277,32719,2435,0,33155,7315,3363
46556,65,1856,7254,988,1214,36142,668,5134,63669,1548,1446,22173,513,60260,15323,1569,4212,648062,9552,9179,205,2111,17300,248,798,24766,5084,2451,153601,0,12417,368,162240,58488,3021,174188,138646,21421,40763,9395,21461,15603,59447,7722,7986,23,964,16382,17317,33801,5831,2932,284,33353,2540,0,33921,7441,3413
47588,64,2125,7390,1003,1234,36665,672,5228,64619,1571,1464,22410,524,61324,15397,1595,4356,665036,9751,9264,208,2141,17543,264,826,25491,5197,2491,157498,0,12707,377,165557,60202,3096,177954,141405,21691,37052,9493,21875,15823,60717,7914,8119,24,976,16782,17498,34451,5912,2987,287,33707,2554,0,34853,7562,3472
48390,64,2163,7545,1034,1256,37112,680,5311,65632,1589,1522,22661,539,62439,15688,1629,4369,678040,9942,9355,212,2170,17786,288,829,25771,5290,2515,159880,0,12959,384,170036,61150,3208,182000,143799,22026,42754,9735,22190,16093,62009,8151,8178,24,986,17033,17811,34860,6001,3036,289,34259,2667,0,35905,7620,3517
49246,64,2190,7718,1064,1289,37982,694,5447,66462,1624,1538,22772,553,63044,15938,1669,4382,678040,10173,9443,212,2196,18031,290,855,26435,5376,2544,160632,0,13169,389,174331,62186,3306,186979,146837,22329,43537,9982,22665,16393,63447,8325,8267,27,997,17446,18136,35328,6093,3098,290,34781,2688,0,37026,7755,3583
49980,64,2207,7832,1086,1311,38534,711,5569,67372,1654,1551,22872,561,63557,15999,1710,4397,707463,10317,9483,219,2214,18203,291,862,26666,5452,2568,163276,0,13347,389,177312,63016,3357,190393,149700,22523,44388,10185,23007,16623,64468,8441,8319,27,1003,17696,18364,35767,6164,3156,291,35191,2717,0,37624,7842,3634
50673,65,2236,7904,1099,1324,38971,714,5682,68166,1680,1581,23124,572,64810,16079,1769,4418,719960,10426,9550,220,2229,18393,290,861,26987,5521,2607,164931,0,13563,398,180105,64007,3421,192140,152981,22718,45076,10399,23240,16834,65573,8571,8361,27,1011,18008,18592,36217,6261,3200,295,35453,2764,0,38251,7978,3700
51340,65,2273,7979,1104,1329,39439,720,5758,68835,1695,1585,23300,577,66526,16253,1785,4502,734860,10554,9621,223,2234,18579,293,860,27211,5601,2620,169776,0,13812,399,182439,64935,3456,194420,154919,22938,45768,10510,23574,17076,66709,8655,8400,28,1017,18344,18773,36710,6298,3228,297,35717,2793,0,38792,8094,3716
51901,66,2406,8134,1113,1357,39821,726,5880,69861,1726,1622,23476,579,67292,16315,1805,4610,746666,10702,9676,226,2269,18816,307,880,27585,5688,2642,174949,0,13997,403,186321,65715,3501,196090,157637,23213,46327,10641,23884,17306,67879,8847,8507,29,1033,18592,18898,37076,6347,3263,298,36353,2813,0,40355,8188,3761
51148,67,2437,8120,1138,1379,40223,728,5937,70427,1750,1660,23551,580,68316,16412,1731,4625,756840,10713,9654,234,2312,18887,309,880,27693,5779,2688,179635,0,14166,405,185348,64768,3492,198398,160316,23323,46146,10804,24273,17430,67520,9151,8558,31,1022,18485,19057,37101,6373,3282,288,36344,2788,0,40751,8133,3650
53518,67,2513,8404,1164,1397,41147,750,6014,71453,1775,1719,24023,599,68969,16636,1848,4634,771519,11084,9823,252,2391,19186,313,880,28458,5826,2714,182684,0,14346,409,193322,66483,3705,204950,163574,23969,47486,11116,24697,17990,70338,9282,8750,32,1057,19130,19239,37844,6479,3353,299,37403,2920,0,42590,8363,3837
